timestamp	numstudies	numtrees	time	sha
1287683354	1	1	2010-10-21T12Z	
1287779225	2	2	2010-10-22T15Z	
1288759877	3	3	2010-11-02T23Z	
1288791489	4	4	2010-11-03T08Z	
1288846175	5	5	2010-11-03T23Z	
1289272631	6	6	2010-11-08T21Z	
1289281763	7	7	2010-11-08T23Z	
1298125018	8	9	2011-02-19T08Z	
1298264328	9	10	2011-02-20T22Z	
1298264667	10	12	2011-02-20T23Z	
1298308909	11	24	2011-02-21T11Z	
1298310691	12	25	2011-02-21T11Z	
1298311158	13	26	2011-02-21T11Z	
1298311593	14	29	2011-02-21T12Z	
1298312199	15	31	2011-02-21T12Z	
1298317019	16	32	2011-02-21T13Z	
1298328742	17	34	2011-02-21T16Z	
1298403933	18	38	2011-02-22T13Z	
1298405925	19	44	2011-02-22T14Z	
1298406589	20	45	2011-02-22T14Z	
1298412674	21	46	2011-02-22T16Z	
1298413594	22	47	2011-02-22T16Z	
1298413981	23	49	2011-02-22T16Z	
1298414509	24	50	2011-02-22T16Z	
1298414759	25	51	2011-02-22T16Z	
1298657182	26	58	2011-02-25T12Z	
1298657663	27	59	2011-02-25T12Z	
1298657827	28	60	2011-02-25T12Z	
1298658514	29	64	2011-02-25T12Z	
1298659175	30	65	2011-02-25T12Z	
1298659379	31	68	2011-02-25T12Z	
1298659885	32	69	2011-02-25T12Z	
1298822910	33	72	2011-02-27T10Z	
1298954918	34	74	2011-02-28T22Z	
1299017012	35	81	2011-03-01T16Z	
1299017628	36	82	2011-03-01T16Z	
1299077453	37	82	2011-03-02T08Z	
1299079394	38	82	2011-03-02T09Z	
1299159754	39	84	2011-03-03T07Z	
1299694857	40	85	2011-03-09T12Z	
1299695824	41	89	2011-03-09T12Z	
1299696101	42	91	2011-03-09T12Z	
1299696828	43	92	2011-03-09T12Z	
1299697471	44	93	2011-03-09T13Z	
1299697874	45	95	2011-03-09T13Z	
1299698100	46	99	2011-03-09T13Z	
1299698583	47	100	2011-03-09T13Z	
1299700577	48	102	2011-03-09T13Z	
1299700716	49	106	2011-03-09T13Z	
1299700975	50	107	2011-03-09T14Z	
1299701608	51	108	2011-03-09T14Z	
1299701823	52	109	2011-03-09T14Z	
1299702065	53	110	2011-03-09T14Z	
1299702365	54	112	2011-03-09T14Z	
1299702551	55	115	2011-03-09T14Z	
1299702893	56	120	2011-03-09T14Z	
1299703212	57	122	2011-03-09T14Z	
1299703510	58	123	2011-03-09T14Z	
1299703873	59	124	2011-03-09T14Z	
1299704166	60	125	2011-03-09T14Z	
1299704269	61	126	2011-03-09T14Z	
1299704416	62	128	2011-03-09T15Z	
1300304519	63	131	2011-03-16T14Z	
1300305574	64	132	2011-03-16T14Z	
1300305685	65	133	2011-03-16T15Z	
1300305807	66	134	2011-03-16T15Z	
1300306047	67	137	2011-03-16T15Z	
1300306460	68	142	2011-03-16T15Z	
1300307058	69	144	2011-03-16T15Z	
1300307331	70	148	2011-03-16T15Z	
1300307748	71	149	2011-03-16T15Z	
1300308109	72	150	2011-03-16T15Z	
1300308371	73	152	2011-03-16T15Z	
1300308723	74	154	2011-03-16T15Z	
1300309013	75	155	2011-03-16T15Z	
1300309117	76	156	2011-03-16T15Z	
1300309493	77	157	2011-03-16T16Z	
1300310338	78	158	2011-03-16T16Z	
1300310804	79	159	2011-03-16T16Z	
1300311149	80	161	2011-03-16T16Z	
1300311936	81	162	2011-03-16T16Z	
1300312753	82	167	2011-03-16T16Z	
1300910533	83	169	2011-03-23T15Z	
1300910744	84	170	2011-03-23T15Z	
1300911142	85	172	2011-03-23T15Z	
1300911595	86	178	2011-03-23T15Z	
1300911868	87	184	2011-03-23T15Z	
1300912448	88	186	2011-03-23T15Z	
1300912587	89	188	2011-03-23T15Z	
1300912837	90	190	2011-03-23T15Z	
1300913095	91	192	2011-03-23T15Z	
1300913445	92	197	2011-03-23T15Z	
1300913750	93	203	2011-03-23T15Z	
1300914517	94	204	2011-03-23T16Z	
1300914710	95	206	2011-03-23T16Z	
1300915197	96	207	2011-03-23T16Z	
1300915350	97	208	2011-03-23T16Z	
1300915651	98	209	2011-03-23T16Z	
1300915831	99	210	2011-03-23T16Z	
1300915956	100	211	2011-03-23T16Z	
1300916361	101	213	2011-03-23T16Z	
1300916721	102	214	2011-03-23T16Z	
1300917379	103	215	2011-03-23T16Z	
1300917533	104	217	2011-03-23T16Z	
1300917742	105	218	2011-03-23T17Z	
1300917913	106	221	2011-03-23T17Z	
1300918183	107	226	2011-03-23T17Z	
1300918524	108	227	2011-03-23T17Z	
1300918711	109	228	2011-03-23T17Z	
1300918837	110	230	2011-03-23T17Z	
1301513949	111	240	2011-03-30T14Z	
1301514182	112	241	2011-03-30T14Z	
1301514779	113	245	2011-03-30T14Z	
1301515037	114	246	2011-03-30T14Z	
1301515302	115	249	2011-03-30T15Z	
1301515435	116	250	2011-03-30T15Z	
1301515554	117	252	2011-03-30T15Z	
1301516516	118	254	2011-03-30T15Z	
1301516954	119	257	2011-03-30T15Z	
1301517661	120	259	2011-03-30T15Z	
1301517823	121	261	2011-03-30T15Z	
1301518176	122	265	2011-03-30T15Z	
1301518377	123	270	2011-03-30T15Z	
1301518591	124	272	2011-03-30T15Z	
1301518867	125	273	2011-03-30T16Z	
1301519103	126	277	2011-03-30T16Z	
1301519415	127	278	2011-03-30T16Z	
1301520044	128	280	2011-03-30T16Z	
1301520304	129	283	2011-03-30T16Z	
1301520669	130	284	2011-03-30T16Z	
1301521018	131	285	2011-03-30T16Z	
1301521322	132	297	2011-03-30T16Z	
1301521456	133	299	2011-03-30T16Z	
1301521543	134	302	2011-03-30T16Z	
1301521884	135	306	2011-03-30T16Z	
1301522031	136	307	2011-03-30T16Z	
1301522127	137	308	2011-03-30T16Z	
1301522590	138	309	2011-03-30T17Z	
1301522746	139	313	2011-03-30T17Z	
1301522865	140	314	2011-03-30T17Z	
1301523209	141	318	2011-03-30T17Z	
1301523659	142	320	2011-03-30T17Z	
1301523973	143	323	2011-03-30T17Z	
1301524215	144	325	2011-03-30T17Z	
1301524472	145	326	2011-03-30T17Z	
1303317838	146	328	2011-04-20T11Z	
1303317934	147	331	2011-04-20T11Z	
1303318402	148	332	2011-04-20T11Z	
1303318605	149	336	2011-04-20T11Z	
1303847932	150	345	2011-04-26T14Z	
1303848032	151	347	2011-04-26T15Z	
1303848126	152	348	2011-04-26T15Z	
1303848190	153	349	2011-04-26T15Z	
1303848233	154	350	2011-04-26T15Z	
1303848323	155	356	2011-04-26T15Z	
1303848396	156	358	2011-04-26T15Z	
1303848463	157	359	2011-04-26T15Z	
1303848570	158	363	2011-04-26T15Z	
1303848673	159	365	2011-04-26T15Z	
1303849086	160	367	2011-04-26T15Z	
1303849173	161	369	2011-04-26T15Z	
1303849671	162	370	2011-04-26T15Z	
1303849720	163	371	2011-04-26T15Z	
1303849872	164	374	2011-04-26T15Z	
1303849981	165	375	2011-04-26T15Z	
1303850122	166	385	2011-04-26T15Z	
1303850177	167	387	2011-04-26T15Z	
1303850302	168	388	2011-04-26T15Z	
1303850355	169	389	2011-04-26T15Z	
1303850398	170	392	2011-04-26T15Z	
1303850591	171	393	2011-04-26T15Z	
1303850703	172	396	2011-04-26T15Z	
1303850756	173	398	2011-04-26T15Z	
1303850805	174	399	2011-04-26T15Z	
1303850857	175	401	2011-04-26T15Z	
1303850977	176	403	2011-04-26T15Z	
1303851028	177	404	2011-04-26T15Z	
1303851076	178	408	2011-04-26T15Z	
1303851200	179	410	2011-04-26T15Z	
1303851241	180	411	2011-04-26T15Z	
1303851371	181	412	2011-04-26T15Z	
1303851422	182	413	2011-04-26T15Z	
1303851472	183	414	2011-04-26T15Z	
1303851519	184	415	2011-04-26T15Z	
1303851627	185	416	2011-04-26T16Z	
1311797720	186	420	2011-07-27T15Z	
1339697775	187	421	2012-06-14T13Z	
1339764742	188	422	2012-06-15T07Z	
1339766684	189	424	2012-06-15T08Z	
1339789564	190	425	2012-06-15T14Z	
1339793313	191	426	2012-06-15T15Z	
1339794078	192	428	2012-06-15T16Z	
1339794479	193	430	2012-06-15T16Z	
1340030945	194	432	2012-06-18T09Z	
1340043522	195	456	2012-06-18T13Z	
1341006682	196	465	2012-06-29T16Z	
1341256484	197	478	2012-07-02T14Z	
1341262715	198	479	2012-07-02T15Z	
1341263894	199	486	2012-07-02T16Z	
1341939984	200	488	2012-07-10T12Z	
1342031182	201	490	2012-07-11T13Z	
1342031561	202	491	2012-07-11T13Z	
1342104811	203	492	2012-07-12T09Z	
1342105267	204	495	2012-07-12T10Z	
1342106416	205	499	2012-07-12T10Z	
1342446948	206	505	2012-07-16T08Z	
1342450353	207	508	2012-07-16T09Z	
1342451277	208	509	2012-07-16T10Z	
1342458328	209	510	2012-07-16T12Z	
1342458761	210	512	2012-07-16T12Z	
1344522381	211	513	2012-08-09T09Z	
1345563621	212	515	2012-08-21T10Z	
1345564886	213	517	2012-08-21T11Z	
1345565446	214	518	2012-08-21T11Z	
1347048995	215	520	2012-09-07T15Z	
1347049914	216	521	2012-09-07T15Z	
1347050951	217	523	2012-09-07T15Z	
1347052644	218	524	2012-09-07T16Z	
1347219681	219	525	2012-09-09T14Z	
1347221939	220	527	2012-09-09T15Z	
1347227338	221	529	2012-09-09T16Z	
1347230255	222	531	2012-09-09T17Z	
1347374794	223	532	2012-09-11T09Z	
1347388756	224	533	2012-09-11T13Z	
1347389885	225	535	2012-09-11T13Z	
1347390680	226	536	2012-09-11T14Z	
1347398150	227	538	2012-09-11T16Z	
1347398955	228	541	2012-09-11T16Z	
1347400894	229	542	2012-09-11T17Z	
1347414714	230	544	2012-09-11T20Z	
1347415558	231	545	2012-09-11T21Z	
1347492266	232	546	2012-09-12T18Z	
1347569223	233	547	2012-09-13T15Z	
1347579657	234	548	2012-09-13T18Z	
1347580139	235	551	2012-09-13T18Z	
1347580985	236	555	2012-09-13T19Z	
1347650287	237	557	2012-09-14T14Z	
1347826412	238	559	2012-09-16T15Z	
1347827771	239	561	2012-09-16T15Z	
1347829607	240	562	2012-09-16T16Z	
1347829897	241	563	2012-09-16T16Z	
1348017107	242	565	2012-09-18T20Z	
1348018206	243	565	2012-09-18T20Z	
1348018873	244	568	2012-09-18T20Z	
1348019339	245	569	2012-09-18T20Z	
1348080719	246	574	2012-09-19T13Z	
1348081149	247	575	2012-09-19T13Z	
1348084668	248	576	2012-09-19T14Z	
1348086931	249	577	2012-09-19T15Z	
1348091523	250	580	2012-09-19T16Z	
1348092220	251	582	2012-09-19T17Z	
1348103654	252	583	2012-09-19T20Z	
1348104959	253	585	2012-09-19T20Z	
1349212497	254	586	2012-10-02T16Z	
1352213383	255	589	2012-11-06T08Z	
1352213816	256	594	2012-11-06T08Z	
1352214446	257	597	2012-11-06T09Z	
1352216055	258	601	2012-11-06T09Z	
1352216125	259	603	2012-11-06T09Z	
1352217368	260	604	2012-11-06T09Z	
1352219515	261	610	2012-11-06T10Z	
1352474572	262	612	2012-11-09T09Z	
1352738194	263	618	2012-11-12T10Z	
1353082418	264	620	2012-11-16T10Z	
1353085405	265	621	2012-11-16T11Z	
1353086628	266	625	2012-11-16T11Z	
1353087493	267	628	2012-11-16T11Z	
1353088160	268	629	2012-11-16T11Z	
1353336624	269	631	2012-11-19T08Z	
1353357714	270	632	2012-11-19T14Z	
1353359684	271	633	2012-11-19T15Z	
1353360067	272	634	2012-11-19T15Z	
1353360508	273	637	2012-11-19T15Z	
1353361223	274	638	2012-11-19T15Z	
1353362494	275	640	2012-11-19T16Z	
1353363037	276	642	2012-11-19T16Z	
1353364301	277	643	2012-11-19T16Z	
1353365832	278	644	2012-11-19T16Z	
1353365948	279	649	2012-11-19T16Z	
1353366189	280	654	2012-11-19T17Z	
1353651559	281	659	2012-11-23T00Z	
1353690537	282	683	2012-11-23T11Z	
1353691167	283	684	2012-11-23T11Z	
1353691540	284	686	2012-11-23T11Z	
1353692123	285	688	2012-11-23T11Z	
1353692481	286	689	2012-11-23T11Z	
1353692707	287	690	2012-11-23T11Z	
1353693139	288	696	2012-11-23T11Z	
1353695392	289	698	2012-11-23T12Z	
1353695530	290	702	2012-11-23T12Z	
1353942378	291	704	2012-11-26T09Z	
1353943390	292	715	2012-11-26T09Z	
1353946715	293	716	2012-11-26T10Z	
1353947640	294	717	2012-11-26T10Z	
1353948080	295	719	2012-11-26T10Z	
1353949134	296	720	2012-11-26T10Z	
1353950194	297	724	2012-11-26T11Z	
1353952569	298	726	2012-11-26T11Z	
1353964730	299	727	2012-11-26T15Z	
1353965068	300	729	2012-11-26T15Z	
1353965933	301	735	2012-11-26T15Z	
1353966687	302	736	2012-11-26T15Z	
1353967549	303	738	2012-11-26T16Z	
1353968533	304	739	2012-11-26T16Z	
1354028951	305	740	2012-11-27T09Z	
1354029445	306	744	2012-11-27T09Z	
1354029861	307	745	2012-11-27T09Z	
1354030273	308	747	2012-11-27T09Z	
1354030653	309	751	2012-11-27T09Z	
1354031059	310	754	2012-11-27T09Z	
1354031358	311	756	2012-11-27T09Z	
1354031651	312	762	2012-11-27T09Z	
1354032059	313	763	2012-11-27T10Z	
1354032444	314	764	2012-11-27T10Z	
1354032627	315	765	2012-11-27T10Z	
1354032882	316	766	2012-11-27T10Z	
1354034119	317	767	2012-11-27T10Z	
1354034343	318	768	2012-11-27T10Z	
1354034634	319	769	2012-11-27T10Z	
1354034785	320	770	2012-11-27T10Z	
1354035145	321	774	2012-11-27T10Z	
1354035622	322	775	2012-11-27T11Z	
1354035946	323	780	2012-11-27T11Z	
1354036785	324	784	2012-11-27T11Z	
1354037153	325	785	2012-11-27T11Z	
1354037435	326	786	2012-11-27T11Z	
1354037808	327	788	2012-11-27T11Z	
1354038023	328	791	2012-11-27T11Z	
1354038318	329	792	2012-11-27T11Z	
1354038614	330	795	2012-11-27T11Z	
1354038910	331	797	2012-11-27T11Z	
1354039230	332	798	2012-11-27T12Z	
1354039590	333	799	2012-11-27T12Z	
1354039803	334	801	2012-11-27T12Z	
1354052428	335	802	2012-11-27T15Z	
1354117020	336	807	2012-11-28T09Z	
1354117593	337	808	2012-11-28T09Z	
1354118278	338	809	2012-11-28T09Z	
1354123036	339	810	2012-11-28T11Z	
1354123324	340	811	2012-11-28T11Z	
1354123548	341	813	2012-11-28T11Z	
1354123841	342	814	2012-11-28T11Z	
1354126709	343	819	2012-11-28T12Z	
1354128844	344	820	2012-11-28T12Z	
1354129115	345	821	2012-11-28T12Z	
1354129540	346	822	2012-11-28T13Z	
1354129808	347	833	2012-11-28T13Z	
1354130136	348	834	2012-11-28T13Z	
1354130222	349	835	2012-11-28T13Z	
1354130272	350	838	2012-11-28T13Z	
1354130413	351	841	2012-11-28T13Z	
1354130542	352	842	2012-11-28T13Z	
1354130747	353	846	2012-11-28T13Z	
1354130786	354	847	2012-11-28T13Z	
1354131248	355	848	2012-11-28T13Z	
1354131668	356	849	2012-11-28T13Z	
1354132126	357	850	2012-11-28T13Z	
1354132412	358	855	2012-11-28T13Z	
1354133095	359	857	2012-11-28T14Z	
1354133391	360	859	2012-11-28T14Z	
1354133758	361	860	2012-11-28T14Z	
1354133984	362	863	2012-11-28T14Z	
1354134236	363	866	2012-11-28T14Z	
1354134583	364	869	2012-11-28T14Z	
1354135024	365	871	2012-11-28T14Z	
1354135093	366	873	2012-11-28T14Z	
1354140822	367	874	2012-11-28T16Z	
1354204027	368	875	2012-11-29T09Z	
1354218351	369	876	2012-11-29T13Z	
1354224470	370	878	2012-11-29T15Z	
1354224861	371	880	2012-11-29T15Z	
1354227750	372	886	2012-11-29T16Z	
1354286230	373	887	2012-11-30T08Z	
1354286655	374	888	2012-11-30T08Z	
1354288363	375	893	2012-11-30T09Z	
1354288945	376	894	2012-11-30T09Z	
1354288990	377	895	2012-11-30T09Z	
1354289348	378	899	2012-11-30T09Z	
1354289452	379	902	2012-11-30T09Z	
1354289683	380	907	2012-11-30T09Z	
1354289868	381	908	2012-11-30T09Z	
1354290000	382	911	2012-11-30T09Z	
1354290076	383	913	2012-11-30T09Z	
1354290293	384	915	2012-11-30T09Z	
1354290381	385	916	2012-11-30T09Z	
1354290525	386	918	2012-11-30T09Z	
1354290591	387	919	2012-11-30T09Z	
1354291052	388	920	2012-11-30T09Z	
1354291441	389	921	2012-11-30T10Z	
1354291491	390	922	2012-11-30T10Z	
1354292099	391	923	2012-11-30T10Z	
1354293320	392	925	2012-11-30T10Z	
1354293505	393	926	2012-11-30T10Z	
1354293809	394	929	2012-11-30T10Z	
1354294069	395	930	2012-11-30T10Z	
1354294222	396	931	2012-11-30T10Z	
1354294534	397	933	2012-11-30T10Z	
1354294685	398	934	2012-11-30T10Z	
1354294831	399	936	2012-11-30T11Z	
1354295124	400	937	2012-11-30T11Z	
1354300268	401	938	2012-11-30T12Z	
1354300523	402	939	2012-11-30T12Z	
1354300968	403	944	2012-11-30T12Z	
1354301229	404	948	2012-11-30T12Z	
1354301603	405	950	2012-11-30T12Z	
1354301913	406	951	2012-11-30T12Z	
1354302091	407	959	2012-11-30T13Z	
1354302418	408	961	2012-11-30T13Z	
1354302580	409	965	2012-11-30T13Z	
1354302908	410	967	2012-11-30T13Z	
1354303074	411	968	2012-11-30T13Z	
1354303304	412	969	2012-11-30T13Z	
1354303475	413	970	2012-11-30T13Z	
1354308230	414	973	2012-11-30T14Z	
1354315505	415	973	2012-11-30T16Z	
1354549836	416	975	2012-12-03T09Z	
1354550188	417	976	2012-12-03T09Z	
1354552898	418	977	2012-12-03T10Z	
1354553124	419	981	2012-12-03T10Z	
1354553363	420	983	2012-12-03T10Z	
1354553562	421	985	2012-12-03T10Z	
1354553798	422	986	2012-12-03T10Z	
1354554054	423	990	2012-12-03T11Z	
1354555429	424	992	2012-12-03T11Z	
1354555619	425	994	2012-12-03T11Z	
1354555855	426	998	2012-12-03T11Z	
1354556097	427	1000	2012-12-03T11Z	
1354556271	428	1004	2012-12-03T11Z	
1354556575	429	1005	2012-12-03T11Z	
1354556784	430	1007	2012-12-03T11Z	
1354557114	431	1008	2012-12-03T11Z	
1354557419	432	1015	2012-12-03T11Z	
1354557809	433	1016	2012-12-03T12Z	
1354558111	434	1019	2012-12-03T12Z	
1354558309	435	1021	2012-12-03T12Z	
1354558507	436	1023	2012-12-03T12Z	
1354560796	437	1026	2012-12-03T12Z	
1354561036	438	1030	2012-12-03T12Z	
1354561234	439	1034	2012-12-03T13Z	
1354561457	440	1038	2012-12-03T13Z	
1354561857	441	1039	2012-12-03T13Z	
1354561927	442	1042	2012-12-03T13Z	
1354562020	443	1044	2012-12-03T13Z	
1354562276	444	1046	2012-12-03T13Z	
1354562637	445	1047	2012-12-03T13Z	
1354562826	446	1049	2012-12-03T13Z	
1354563131	447	1054	2012-12-03T13Z	
1354563564	448	1055	2012-12-03T13Z	
1354564025	449	1058	2012-12-03T13Z	
1354564286	450	1060	2012-12-03T13Z	
1354564592	451	1066	2012-12-03T13Z	
1354564911	452	1068	2012-12-03T14Z	
1354565240	453	1069	2012-12-03T14Z	
1354565504	454	1074	2012-12-03T14Z	
1354565988	455	1077	2012-12-03T14Z	
1354566204	456	1079	2012-12-03T14Z	
1354566507	457	1082	2012-12-03T14Z	
1354567318	458	1083	2012-12-03T14Z	
1354567492	459	1086	2012-12-03T14Z	
1354568061	460	1088	2012-12-03T14Z	
1354568376	461	1090	2012-12-03T14Z	
1354568573	462	1091	2012-12-03T15Z	
1354568975	463	1100	2012-12-03T15Z	
1354569337	464	1102	2012-12-03T15Z	
1354569598	465	1103	2012-12-03T15Z	
1354570050	466	1107	2012-12-03T15Z	
1354570527	467	1108	2012-12-03T15Z	
1354570778	468	1109	2012-12-03T15Z	
1354571155	469	1110	2012-12-03T15Z	
1354571545	470	1111	2012-12-03T15Z	
1354571809	471	1112	2012-12-03T15Z	
1354574370	472	1116	2012-12-03T16Z	
1354574640	473	1117	2012-12-03T16Z	
1354574900	474	1118	2012-12-03T16Z	
1354575193	475	1121	2012-12-03T16Z	
1354722582	476	1123	2012-12-05T09Z	
1354722930	477	1128	2012-12-05T09Z	
1354740863	478	1131	2012-12-05T14Z	
1354741215	479	1132	2012-12-05T15Z	
1354741567	480	1133	2012-12-05T15Z	
1354741892	481	1135	2012-12-05T15Z	
1354742262	482	1136	2012-12-05T15Z	
1354742508	483	1137	2012-12-05T15Z	
1354757818	484	1139	2012-12-05T19Z	
1354758232	485	1140	2012-12-05T19Z	
1354758496	486	1141	2012-12-05T19Z	
1354818422	487	1142	2012-12-06T12Z	
1354818699	488	1146	2012-12-06T12Z	
1354819534	489	1149	2012-12-06T12Z	
1354821569	490	1150	2012-12-06T13Z	
1354822776	491	1151	2012-12-06T13Z	
1354824017	492	1154	2012-12-06T14Z	
1354829388	493	1155	2012-12-06T15Z	
1354894570	494	1158	2012-12-07T09Z	
1354895913	495	1160	2012-12-07T09Z	
1354896768	496	1171	2012-12-07T10Z	
1354897042	497	1173	2012-12-07T10Z	
1354899975	498	1176	2012-12-07T11Z	
1354900213	499	1177	2012-12-07T11Z	
1354900446	500	1178	2012-12-07T11Z	
1354900740	501	1182	2012-12-07T11Z	
1354901292	502	1185	2012-12-07T11Z	
1354901827	503	1189	2012-12-07T11Z	
1354902111	504	1192	2012-12-07T11Z	
1354902275	505	1193	2012-12-07T11Z	
1354902529	506	1196	2012-12-07T11Z	
1354903015	507	1202	2012-12-07T11Z	
1354903165	508	1205	2012-12-07T11Z	
1354903691	509	1208	2012-12-07T12Z	
1354904131	510	1210	2012-12-07T12Z	
1354904274	511	1212	2012-12-07T12Z	
1354904298	512	1215	2012-12-07T12Z	
1354904403	513	1218	2012-12-07T12Z	
1354904508	514	1224	2012-12-07T12Z	
1354904592	515	1226	2012-12-07T12Z	
1354904655	516	1227	2012-12-07T12Z	
1354904718	517	1228	2012-12-07T12Z	
1354905105	518	1230	2012-12-07T12Z	
1354905354	519	1231	2012-12-07T12Z	
1354905653	520	1236	2012-12-07T12Z	
1354906109	521	1242	2012-12-07T12Z	
1354906468	522	1243	2012-12-07T12Z	
1354906729	523	1248	2012-12-07T12Z	
1354908965	524	1250	2012-12-07T13Z	
1354909207	525	1251	2012-12-07T13Z	
1354909395	526	1254	2012-12-07T13Z	
1354909585	527	1257	2012-12-07T13Z	
1354909831	528	1258	2012-12-07T13Z	
1354909939	529	1260	2012-12-07T13Z	
1354910146	530	1262	2012-12-07T13Z	
1354912001	531	1263	2012-12-07T14Z	
1354912070	532	1264	2012-12-07T14Z	
1354990980	533	1266	2012-12-08T12Z	
1354991283	534	1268	2012-12-08T12Z	
1354991545	535	1271	2012-12-08T12Z	
1354991740	536	1276	2012-12-08T12Z	
1354991866	537	1277	2012-12-08T12Z	
1354991975	538	1280	2012-12-08T12Z	
1354992297	539	1281	2012-12-08T12Z	
1354992610	540	1283	2012-12-08T12Z	
1354992753	541	1285	2012-12-08T12Z	
1354992896	542	1293	2012-12-08T12Z	
1354993126	543	1295	2012-12-08T12Z	
1354993448	544	1303	2012-12-08T13Z	
1354993894	545	1305	2012-12-08T13Z	
1354993965	546	1308	2012-12-08T13Z	
1354994059	547	1309	2012-12-08T13Z	
1354994272	548	1311	2012-12-08T13Z	
1355001051	549	1312	2012-12-08T15Z	
1355001344	550	1316	2012-12-08T15Z	
1355001602	551	1317	2012-12-08T15Z	
1355001679	552	1324	2012-12-08T15Z	
1355003110	553	1330	2012-12-08T15Z	
1355003299	554	1332	2012-12-08T15Z	
1355003408	555	1334	2012-12-08T15Z	
1355005194	556	1335	2012-12-08T16Z	
1355006816	557	1336	2012-12-08T16Z	
1355007006	558	1373	2012-12-08T16Z	
1355119606	559	1374	2012-12-10T00Z	
1355151519	560	1375	2012-12-10T08Z	
1355151842	561	1377	2012-12-10T09Z	
1355152358	562	1379	2012-12-10T09Z	
1355153084	563	1382	2012-12-10T09Z	
1355155210	564	1383	2012-12-10T10Z	
1355155545	565	1397	2012-12-10T10Z	
1355155922	566	1398	2012-12-10T10Z	
1355163355	567	1400	2012-12-10T12Z	
1355163938	568	1401	2012-12-10T12Z	
1355164138	569	1403	2012-12-10T12Z	
1355164929	570	1405	2012-12-10T12Z	
1355165177	571	1409	2012-12-10T12Z	
1355165239	572	1410	2012-12-10T12Z	
1355165297	573	1411	2012-12-10T12Z	
1355165581	574	1415	2012-12-10T12Z	
1355165701	575	1417	2012-12-10T12Z	
1355165773	576	1418	2012-12-10T12Z	
1355165849	577	1420	2012-12-10T12Z	
1355166334	578	1421	2012-12-10T13Z	
1355166632	579	1426	2012-12-10T13Z	
1355166892	580	1427	2012-12-10T13Z	
1355167380	581	1429	2012-12-10T13Z	
1355167633	582	1433	2012-12-10T13Z	
1355168142	583	1435	2012-12-10T13Z	
1355168464	584	1439	2012-12-10T13Z	
1355168735	585	1442	2012-12-10T13Z	
1355168976	586	1447	2012-12-10T13Z	
1355169250	587	1451	2012-12-10T13Z	
1355169604	588	1452	2012-12-10T14Z	
1355170015	589	1454	2012-12-10T14Z	
1355170230	590	1459	2012-12-10T14Z	
1355171663	591	1462	2012-12-10T14Z	
1355171832	592	1464	2012-12-10T14Z	
1355172097	593	1467	2012-12-10T14Z	
1355172348	594	1469	2012-12-10T14Z	
1355172851	595	1470	2012-12-10T14Z	
1355173104	596	1472	2012-12-10T14Z	
1355173353	597	1474	2012-12-10T15Z	
1355173648	598	1478	2012-12-10T15Z	
1355173916	599	1480	2012-12-10T15Z	
1355174612	600	1481	2012-12-10T15Z	
1355174772	601	1485	2012-12-10T15Z	
1355174924	602	1488	2012-12-10T15Z	
1355206983	603	1488	2012-12-11T00Z	
1355243622	604	1489	2012-12-11T10Z	
1355243950	605	1491	2012-12-11T10Z	
1355244311	606	1493	2012-12-11T10Z	
1355244638	607	1495	2012-12-11T10Z	
1355244980	608	1497	2012-12-11T10Z	
1355245478	609	1499	2012-12-11T11Z	
1355246050	610	1501	2012-12-11T11Z	
1355246660	611	1505	2012-12-11T11Z	
1355247346	612	1506	2012-12-11T11Z	
1355248330	613	1507	2012-12-11T11Z	
1355248895	614	1508	2012-12-11T12Z	
1355250076	615	1510	2012-12-11T12Z	
1355257335	616	1514	2012-12-11T14Z	
1355257872	617	1515	2012-12-11T14Z	
1355258232	618	1517	2012-12-11T14Z	
1355259058	619	1520	2012-12-11T14Z	
1355341920	620	1521	2012-12-12T13Z	
1355418237	621	1523	2012-12-13T11Z	
1355419278	622	1524	2012-12-13T11Z	
1355420667	623	1525	2012-12-13T11Z	
1355424300	624	1527	2012-12-13T12Z	
1355424726	625	1530	2012-12-13T12Z	
1355425431	626	1531	2012-12-13T13Z	
1355432282	627	1533	2012-12-13T14Z	
1355432589	628	1534	2012-12-13T15Z	
1355433568	629	1536	2012-12-13T15Z	
1355509827	630	1540	2012-12-14T12Z	
1355512704	631	1541	2012-12-14T13Z	
1355518112	632	1542	2012-12-14T14Z	
1355522002	633	1544	2012-12-14T15Z	
1355523688	634	1547	2012-12-14T16Z	
1355533291	635	1548	2012-12-14T19Z	
1355534074	636	1550	2012-12-14T19Z	
1355534829	637	1551	2012-12-14T19Z	
1355535041	638	1552	2012-12-14T19Z	
1355535949	639	1553	2012-12-14T19Z	
1355759108	640	1556	2012-12-17T09Z	
1355759723	641	1558	2012-12-17T09Z	
1355760110	642	1563	2012-12-17T10Z	
1355761268	643	1565	2012-12-17T10Z	
1355768177	644	1566	2012-12-17T12Z	
1355784221	645	1568	2012-12-17T16Z	
1355784494	646	1569	2012-12-17T16Z	
1355784919	647	1572	2012-12-17T16Z	
1355785200	648	1574	2012-12-17T17Z	
1355785761	649	1575	2012-12-17T17Z	
1355794913	650	1577	2012-12-17T19Z	
1355795389	651	1585	2012-12-17T19Z	
1355796252	652	1589	2012-12-17T20Z	
1355796872	653	1591	2012-12-17T20Z	
1355797245	654	1592	2012-12-17T20Z	
1355797683	655	1594	2012-12-17T20Z	
1355798301	656	1595	2012-12-17T20Z	
1355798562	657	1603	2012-12-17T20Z	
1355798894	658	1609	2012-12-17T20Z	
1355799520	659	1614	2012-12-17T20Z	
1355799891	660	1617	2012-12-17T21Z	
1355800655	661	1621	2012-12-17T21Z	
1355801020	662	1622	2012-12-17T21Z	
1355801423	663	1626	2012-12-17T21Z	
1355801757	664	1627	2012-12-17T21Z	
1355802184	665	1632	2012-12-17T21Z	
1356978981	666	1636	2012-12-31T12Z	
1356982375	667	1639	2012-12-31T13Z	
1356983773	668	1640	2012-12-31T13Z	
1357008115	669	1642	2012-12-31T20Z	
1357011343	670	1643	2012-12-31T21Z	
1357011754	671	1648	2012-12-31T21Z	
1357061926	672	1651	2013-01-01T11Z	
1357062976	673	1654	2013-01-01T11Z	
1357063476	674	1655	2013-01-01T12Z	
1358183160	675	1657	2013-01-14T11Z	
1358194111	676	1660	2013-01-14T14Z	
1358262475	677	1661	2013-01-15T09Z	
1358262756	678	1663	2013-01-15T09Z	
1358263049	679	1667	2013-01-15T09Z	
1358263381	680	1668	2013-01-15T09Z	
1358263644	681	1669	2013-01-15T09Z	
1358263935	682	1670	2013-01-15T09Z	
1358264694	683	1672	2013-01-15T09Z	
1358265140	684	1675	2013-01-15T09Z	
1358265401	685	1677	2013-01-15T09Z	
1358269296	686	1679	2013-01-15T11Z	
1358269478	687	1682	2013-01-15T11Z	
1358269773	688	1684	2013-01-15T11Z	
1358270213	689	1687	2013-01-15T11Z	
1358274619	690	1689	2013-01-15T12Z	
1358274908	691	1691	2013-01-15T12Z	
1358275115	692	1693	2013-01-15T12Z	
1358275744	693	1697	2013-01-15T12Z	
1358275992	694	1699	2013-01-15T12Z	
1358276287	695	1700	2013-01-15T12Z	
1358276675	696	1702	2013-01-15T13Z	
1358277029	697	1705	2013-01-15T13Z	
1358277427	698	1707	2013-01-15T13Z	
1358277682	699	1709	2013-01-15T13Z	
1358277893	700	1711	2013-01-15T13Z	
1358277998	701	1715	2013-01-15T13Z	
1358278341	702	1726	2013-01-15T13Z	
1358279055	703	1730	2013-01-15T13Z	
1358279382	704	1734	2013-01-15T13Z	
1358279502	705	1735	2013-01-15T13Z	
1358279692	706	1737	2013-01-15T13Z	
1358280125	707	1742	2013-01-15T14Z	
1358280928	708	1746	2013-01-15T14Z	
1358281396	709	1748	2013-01-15T14Z	
1358281609	710	1753	2013-01-15T14Z	
1358281927	711	1755	2013-01-15T14Z	
1358282189	712	1756	2013-01-15T14Z	
1358282572	713	1760	2013-01-15T14Z	
1358283197	714	1763	2013-01-15T14Z	
1358283416	715	1772	2013-01-15T14Z	
1358287467	716	1774	2013-01-15T16Z	
1358287935	717	1776	2013-01-15T16Z	
1358288285	718	1778	2013-01-15T16Z	
1358288746	719	1780	2013-01-15T16Z	
1358289052	720	1782	2013-01-15T16Z	
1358289334	721	1783	2013-01-15T16Z	
1358289575	722	1784	2013-01-15T16Z	
1358289855	723	1787	2013-01-15T16Z	
1358290219	724	1797	2013-01-15T16Z	
1358290507	725	1800	2013-01-15T16Z	
1358291386	726	1802	2013-01-15T17Z	
1358291699	727	1805	2013-01-15T17Z	
1358292082	728	1811	2013-01-15T17Z	
1358292422	729	1813	2013-01-15T17Z	
1358292628	730	1814	2013-01-15T17Z	
1358292892	731	1815	2013-01-15T17Z	
1358293161	732	1817	2013-01-15T17Z	
1358293441	733	1818	2013-01-15T17Z	
1358293772	734	1829	2013-01-15T17Z	
1358298411	735	1830	2013-01-15T19Z	
1358298672	736	1833	2013-01-15T19Z	
1358346432	737	1836	2013-01-16T08Z	
1358346840	738	1838	2013-01-16T08Z	
1358347145	739	1840	2013-01-16T08Z	
1358347618	740	1843	2013-01-16T08Z	
1358347954	741	1846	2013-01-16T08Z	
1358348167	742	1850	2013-01-16T08Z	
1358348503	743	1854	2013-01-16T09Z	
1358349141	744	1862	2013-01-16T09Z	
1358349461	745	1863	2013-01-16T09Z	
1358349847	746	1865	2013-01-16T09Z	
1358350176	747	1867	2013-01-16T09Z	
1358350553	748	1869	2013-01-16T09Z	
1358350971	749	1871	2013-01-16T09Z	
1358351183	750	1873	2013-01-16T09Z	
1358353967	751	1874	2013-01-16T10Z	
1358354243	752	1875	2013-01-16T10Z	
1358354426	753	1879	2013-01-16T10Z	
1358354789	754	1882	2013-01-16T10Z	
1358355233	755	1885	2013-01-16T10Z	
1358355595	756	1886	2013-01-16T10Z	
1358355804	757	1888	2013-01-16T11Z	
1358356061	758	1889	2013-01-16T11Z	
1358356352	759	1890	2013-01-16T11Z	
1358356784	760	1893	2013-01-16T11Z	
1358357082	761	1896	2013-01-16T11Z	
1358357469	762	1902	2013-01-16T11Z	
1358358028	763	1903	2013-01-16T11Z	
1358358331	764	1908	2013-01-16T11Z	
1358358500	765	1910	2013-01-16T11Z	
1358358754	766	1913	2013-01-16T11Z	
1358359174	767	1915	2013-01-16T11Z	
1358362912	768	1918	2013-01-16T13Z	
1358363210	769	1919	2013-01-16T13Z	
1358363471	770	1920	2013-01-16T13Z	
1358363659	771	1921	2013-01-16T13Z	
1358363928	772	1922	2013-01-16T13Z	
1358364147	773	1924	2013-01-16T13Z	
1358364481	774	1925	2013-01-16T13Z	
1358364750	775	1926	2013-01-16T13Z	
1358365576	776	1928	2013-01-16T13Z	
1358365932	777	1929	2013-01-16T13Z	
1358366182	778	1930	2013-01-16T13Z	
1358366782	779	1932	2013-01-16T14Z	
1358367353	780	1935	2013-01-16T14Z	
1358367697	781	1936	2013-01-16T14Z	
1358369189	782	1940	2013-01-16T14Z	
1358369603	783	1942	2013-01-16T14Z	
1358885317	784	1947	2013-01-22T14Z	
1358886840	785	1949	2013-01-22T14Z	
1358887143	786	1951	2013-01-22T14Z	
1358887538	787	1953	2013-01-22T14Z	
1358887820	788	1954	2013-01-22T14Z	
1358888008	789	1962	2013-01-22T14Z	
1358888266	790	1970	2013-01-22T14Z	
1358888603	791	1975	2013-01-22T15Z	
1358888951	792	1977	2013-01-22T15Z	
1358889143	793	1979	2013-01-22T15Z	
1358889361	794	1980	2013-01-22T15Z	
1358889581	795	1981	2013-01-22T15Z	
1358889790	796	1982	2013-01-22T15Z	
1358890028	797	1984	2013-01-22T15Z	
1359143678	798	1985	2013-01-25T13Z	
1359144585	799	1989	2013-01-25T14Z	
1359144965	800	1992	2013-01-25T14Z	
1359145461	801	1994	2013-01-25T14Z	
1359145887	802	1995	2013-01-25T14Z	
1359146103	803	1996	2013-01-25T14Z	
1359146530	804	1998	2013-01-25T14Z	
1359146797	805	1999	2013-01-25T14Z	
1359147202	806	2000	2013-01-25T14Z	
1359147581	807	2001	2013-01-25T14Z	
1359147743	808	2002	2013-01-25T15Z	
1359484714	809	2003	2013-01-29T12Z	
1359484940	810	2008	2013-01-29T12Z	
1359485183	811	2012	2013-01-29T12Z	
1359485418	812	2014	2013-01-29T12Z	
1359485769	813	2017	2013-01-29T12Z	
1359485909	814	2022	2013-01-29T12Z	
1359486698	815	2025	2013-01-29T13Z	
1359487095	816	2032	2013-01-29T13Z	
1359487323	817	2037	2013-01-29T13Z	
1359488602	818	2045	2013-01-29T13Z	
1359489544	819	2046	2013-01-29T13Z	
1359490596	820	2048	2013-01-29T14Z	
1359490804	821	2049	2013-01-29T14Z	
1359496296	822	2052	2013-01-29T15Z	
1359496402	823	2055	2013-01-29T15Z	
1359497433	824	2060	2013-01-29T16Z	
1359578627	825	2065	2013-01-30T14Z	
1359579832	826	2074	2013-01-30T15Z	
1359580126	827	2076	2013-01-30T15Z	
1359580266	828	2077	2013-01-30T15Z	
1359580357	829	2080	2013-01-30T15Z	
1359580463	830	2084	2013-01-30T15Z	
1359580670	831	2088	2013-01-30T15Z	
1359581946	832	2092	2013-01-30T15Z	
1359582334	833	2093	2013-01-30T15Z	
1359641609	834	2095	2013-01-31T08Z	
1359641805	835	2096	2013-01-31T08Z	
1359642854	836	2097	2013-01-31T08Z	
1359643589	837	2098	2013-01-31T08Z	
1359660306	838	2099	2013-01-31T13Z	
1359660593	839	2100	2013-01-31T13Z	
1359662372	840	2101	2013-01-31T13Z	
1359664434	841	2102	2013-01-31T14Z	
1359664973	842	2103	2013-01-31T14Z	
1359665163	843	2104	2013-01-31T14Z	
1359666011	844	2105	2013-01-31T15Z	
1359668067	845	2106	2013-01-31T15Z	
1360014714	846	2107	2013-02-04T15Z	
1360015182	847	2109	2013-02-04T15Z	
1360015644	848	2111	2013-02-04T16Z	
1360015909	849	2117	2013-02-04T16Z	
1360088250	850	2118	2013-02-05T12Z	
1360088474	851	2119	2013-02-05T12Z	
1360088842	852	2120	2013-02-05T12Z	
1360089050	853	2122	2013-02-05T12Z	
1360089397	854	2126	2013-02-05T12Z	
1360089677	855	2129	2013-02-05T12Z	
1360091273	856	2130	2013-02-05T13Z	
1360091843	857	2134	2013-02-05T13Z	
1360092097	858	2135	2013-02-05T13Z	
1360092334	859	2142	2013-02-05T13Z	
1360092835	860	2144	2013-02-05T13Z	
1360093368	861	2152	2013-02-05T13Z	
1360093661	862	2153	2013-02-05T13Z	
1360094142	863	2155	2013-02-05T13Z	
1360094558	864	2157	2013-02-05T14Z	
1360094906	865	2159	2013-02-05T14Z	
1360095269	866	2167	2013-02-05T14Z	
1360095770	867	2168	2013-02-05T14Z	
1360096125	868	2169	2013-02-05T14Z	
1360096325	869	2171	2013-02-05T14Z	
1360096854	870	2173	2013-02-05T14Z	
1360097247	871	2174	2013-02-05T14Z	
1360098024	872	2176	2013-02-05T15Z	
1360098237	873	2178	2013-02-05T15Z	
1360098632	874	2179	2013-02-05T15Z	
1360098860	875	2180	2013-02-05T15Z	
1360099059	876	2182	2013-02-05T15Z	
1360099320	877	2183	2013-02-05T15Z	
1360099523	878	2184	2013-02-05T15Z	
1360099761	879	2186	2013-02-05T15Z	
1360101428	880	2189	2013-02-05T15Z	
1360101603	881	2190	2013-02-05T16Z	
1360101869	882	2192	2013-02-05T16Z	
1360102064	883	2195	2013-02-05T16Z	
1360102581	884	2196	2013-02-05T16Z	
1360160370	885	2200	2013-02-06T08Z	
1360161078	886	2201	2013-02-06T08Z	
1360161417	887	2207	2013-02-06T08Z	
1360162215	888	2208	2013-02-06T08Z	
1360162579	889	2211	2013-02-06T08Z	
1360164330	890	2213	2013-02-06T09Z	
1360171030	891	2217	2013-02-06T11Z	
1360171290	892	2219	2013-02-06T11Z	
1360171528	893	2221	2013-02-06T11Z	
1360171742	894	2223	2013-02-06T11Z	
1360172096	895	2226	2013-02-06T11Z	
1360172558	896	2228	2013-02-06T11Z	
1360173310	897	2230	2013-02-06T11Z	
1360173654	898	2231	2013-02-06T12Z	
1360173932	899	2232	2013-02-06T12Z	
1360186096	900	2233	2013-02-06T15Z	
1360186652	901	2236	2013-02-06T15Z	
1360199460	902	2238	2013-02-06T19Z	
1360264111	903	2239	2013-02-07T13Z	
1360264554	904	2240	2013-02-07T13Z	
1360267560	905	2241	2013-02-07T14Z	
1360343063	906	2242	2013-02-08T11Z	
1360343438	907	2243	2013-02-08T11Z	
1360344619	908	2244	2013-02-08T11Z	
1360345512	909	2245	2013-02-08T11Z	
1360347715	910	2247	2013-02-08T12Z	
1360368988	911	2248	2013-02-08T18Z	
1360369160	912	2249	2013-02-08T18Z	
1360369323	913	2250	2013-02-08T18Z	
1360369847	914	2251	2013-02-08T18Z	
1360370602	915	2252	2013-02-08T18Z	
1360371618	916	2253	2013-02-08T19Z	
1360371717	917	2254	2013-02-08T19Z	
1360594393	918	2255	2013-02-11T08Z	
1360595879	919	2256	2013-02-11T09Z	
1360597512	920	2257	2013-02-11T09Z	
1360598620	921	2258	2013-02-11T10Z	
1360608196	922	2260	2013-02-11T12Z	
1360615022	923	2261	2013-02-11T14Z	
1360615336	924	2264	2013-02-11T14Z	
1360615769	925	2266	2013-02-11T14Z	
1360616303	926	2268	2013-02-11T14Z	
1360617479	927	2270	2013-02-11T15Z	
1360677896	928	2272	2013-02-12T08Z	
1360678112	929	2275	2013-02-12T08Z	
1360678391	930	2279	2013-02-12T08Z	
1360678778	931	2280	2013-02-12T08Z	
1360678964	932	2281	2013-02-12T08Z	
1360679406	933	2282	2013-02-12T08Z	
1360679677	934	2284	2013-02-12T08Z	
1360679947	935	2285	2013-02-12T08Z	
1360680193	936	2289	2013-02-12T08Z	
1360680461	937	2290	2013-02-12T08Z	
1360680646	938	2291	2013-02-12T08Z	
1360680992	939	2293	2013-02-12T08Z	
1360681222	940	2296	2013-02-12T09Z	
1360681448	941	2297	2013-02-12T09Z	
1360683137	942	2299	2013-02-12T09Z	
1360683440	943	2302	2013-02-12T09Z	
1360683783	944	2303	2013-02-12T09Z	
1360684245	945	2304	2013-02-12T09Z	
1360684512	946	2305	2013-02-12T09Z	
1360684883	947	2306	2013-02-12T10Z	
1360685195	948	2308	2013-02-12T10Z	
1360685815	949	2310	2013-02-12T10Z	
1360686130	950	2312	2013-02-12T10Z	
1360686577	951	2332	2013-02-12T10Z	
1360687071	952	2333	2013-02-12T10Z	
1360687264	953	2335	2013-02-12T10Z	
1360687531	954	2337	2013-02-12T10Z	
1360687677	955	2339	2013-02-12T10Z	
1360688321	956	2344	2013-02-12T10Z	
1360695657	957	2346	2013-02-12T13Z	
1360696374	958	2361	2013-02-12T13Z	
1360696769	959	2363	2013-02-12T13Z	
1360697279	960	2366	2013-02-12T13Z	
1360697854	961	2367	2013-02-12T13Z	
1360698274	962	2369	2013-02-12T13Z	
1360698613	963	2371	2013-02-12T13Z	
1360698903	964	2378	2013-02-12T13Z	
1360699182	965	2379	2013-02-12T13Z	
1360699413	966	2381	2013-02-12T14Z	
1360699748	967	2382	2013-02-12T14Z	
1360699996	968	2396	2013-02-12T14Z	
1360700412	969	2400	2013-02-12T14Z	
1360700750	970	2402	2013-02-12T14Z	
1360701212	971	2403	2013-02-12T14Z	
1360701502	972	2404	2013-02-12T14Z	
1360701838	973	2406	2013-02-12T14Z	
1360702176	974	2408	2013-02-12T14Z	
1360702410	975	2412	2013-02-12T14Z	
1360702711	976	2413	2013-02-12T14Z	
1360703234	977	2414	2013-02-12T15Z	
1360703465	978	2415	2013-02-12T15Z	
1360703653	979	2419	2013-02-12T15Z	
1360714202	980	2420	2013-02-12T18Z	
1360718646	981	2421	2013-02-12T19Z	
1360807798	982	2424	2013-02-13T20Z	
1360808972	983	2426	2013-02-13T20Z	
1360809332	984	2427	2013-02-13T20Z	
1360809641	985	2428	2013-02-13T20Z	
1360809894	986	2431	2013-02-13T20Z	
1360810019	987	2434	2013-02-13T20Z	
1360810230	988	2435	2013-02-13T20Z	
1360810346	989	2446	2013-02-13T20Z	
1360810738	990	2447	2013-02-13T20Z	
1360810835	991	2449	2013-02-13T21Z	
1360811292	992	2452	2013-02-13T21Z	
1360811585	993	2455	2013-02-13T21Z	
1360811755	994	2458	2013-02-13T21Z	
1360812368	995	2461	2013-02-13T21Z	
1360875675	996	2465	2013-02-14T15Z	
1360876100	997	2467	2013-02-14T15Z	
1360876339	998	2472	2013-02-14T15Z	
1360889427	999	2473	2013-02-14T18Z	
1360890920	1000	2477	2013-02-14T19Z	
1360891059	1001	2478	2013-02-14T19Z	
1360891395	1002	2480	2013-02-14T19Z	
1360891640	1003	2482	2013-02-14T19Z	
1361303286	1004	2484	2013-02-19T13Z	
1361303625	1005	2486	2013-02-19T13Z	
1361303880	1006	2494	2013-02-19T13Z	
1361304166	1007	2498	2013-02-19T14Z	
1361305227	1008	2502	2013-02-19T14Z	
1361319496	1009	2503	2013-02-19T18Z	
1361319693	1010	2504	2013-02-19T18Z	
1361376879	1011	2505	2013-02-20T10Z	
1361379064	1012	2511	2013-02-20T10Z	
1361380192	1013	2514	2013-02-20T11Z	
1361381231	1014	2518	2013-02-20T11Z	
1361381984	1015	2519	2013-02-20T11Z	
1361382338	1016	2520	2013-02-20T11Z	
1361382727	1017	2523	2013-02-20T11Z	
1361383064	1018	2529	2013-02-20T11Z	
1361383192	1019	2532	2013-02-20T11Z	
1361383386	1020	2533	2013-02-20T12Z	
1361383469	1021	2535	2013-02-20T12Z	
1361384089	1022	2536	2013-02-20T12Z	
1361384438	1023	2537	2013-02-20T12Z	
1361384589	1024	2538	2013-02-20T12Z	
1361385270	1025	2543	2013-02-20T12Z	
1361387555	1026	2550	2013-02-20T13Z	
1361387890	1027	2551	2013-02-20T13Z	
1361389683	1028	2559	2013-02-20T13Z	
1361390545	1029	2560	2013-02-20T14Z	
1361391225	1030	2562	2013-02-20T14Z	
1361391690	1031	2566	2013-02-20T14Z	
1361391921	1032	2567	2013-02-20T14Z	
1361391999	1033	2576	2013-02-20T14Z	
1361392253	1034	2582	2013-02-20T14Z	
1361458971	1035	2583	2013-02-21T09Z	
1361555191	1036	2588	2013-02-22T11Z	
1361556311	1037	2591	2013-02-22T12Z	
1361643420	1038	2593	2013-02-23T12Z	
1361644260	1039	2594	2013-02-23T12Z	
1361644767	1040	2595	2013-02-23T12Z	
1361645111	1041	2596	2013-02-23T12Z	
1361645985	1042	2597	2013-02-23T12Z	
1361646604	1043	2598	2013-02-23T13Z	
1361647070	1044	2600	2013-02-23T13Z	
1361647764	1045	2602	2013-02-23T13Z	
1361648234	1046	2603	2013-02-23T13Z	
1361648754	1047	2604	2013-02-23T13Z	
1361649183	1048	2606	2013-02-23T13Z	
1361649642	1049	2609	2013-02-23T14Z	
1361650264	1050	2613	2013-02-23T14Z	
1361651836	1051	2615	2013-02-23T14Z	
1361719200	1052	2617	2013-02-24T09Z	
1361719661	1053	2621	2013-02-24T09Z	
1361720646	1054	2622	2013-02-24T09Z	
1361725692	1055	2623	2013-02-24T11Z	
1361726228	1056	2624	2013-02-24T11Z	
1361727344	1057	2625	2013-02-24T11Z	
1361728205	1058	2626	2013-02-24T11Z	
1361729700	1059	2629	2013-02-24T12Z	
1361730314	1060	2631	2013-02-24T12Z	
1361730591	1061	2632	2013-02-24T12Z	
1361730976	1062	2638	2013-02-24T12Z	
1361731694	1063	2639	2013-02-24T12Z	
1361732180	1064	2642	2013-02-24T12Z	
1361732565	1065	2644	2013-02-24T13Z	
1361733068	1066	2646	2013-02-24T13Z	
1361798559	1067	2649	2013-02-25T07Z	
1361799297	1068	2650	2013-02-25T07Z	
1361799666	1069	2653	2013-02-25T07Z	
1361800119	1070	2656	2013-02-25T07Z	
1361801057	1071	2658	2013-02-25T08Z	
1361801351	1072	2660	2013-02-25T08Z	
1361801680	1073	2664	2013-02-25T08Z	
1361802185	1074	2667	2013-02-25T08Z	
1361802764	1075	2670	2013-02-25T08Z	
1361803749	1076	2673	2013-02-25T08Z	
1361805752	1077	2675	2013-02-25T09Z	
1361806239	1078	2677	2013-02-25T09Z	
1361806634	1079	2678	2013-02-25T09Z	
1361807022	1080	2680	2013-02-25T09Z	
1361807842	1081	2682	2013-02-25T09Z	
1361808189	1082	2682	2013-02-25T10Z	
1361808596	1083	2687	2013-02-25T10Z	
1361808958	1084	2688	2013-02-25T10Z	
1361887383	1085	2690	2013-02-26T08Z	
1361887917	1086	2692	2013-02-26T08Z	
1361888226	1087	2695	2013-02-26T08Z	
1361888975	1088	2697	2013-02-26T08Z	
1361890485	1089	2699	2013-02-26T08Z	
1361895859	1090	2702	2013-02-26T10Z	
1361897122	1091	2705	2013-02-26T10Z	
1361897688	1092	2706	2013-02-26T10Z	
1361898027	1093	2707	2013-02-26T11Z	
1361898344	1094	2709	2013-02-26T11Z	
1361898795	1095	2710	2013-02-26T11Z	
1361899208	1096	2713	2013-02-26T11Z	
1361899641	1097	2714	2013-02-26T11Z	
1361900020	1098	2715	2013-02-26T11Z	
1361900379	1099	2717	2013-02-26T11Z	
1361903746	1100	2719	2013-02-26T12Z	
1361904369	1101	2720	2013-02-26T12Z	
1361904664	1102	2723	2013-02-26T12Z	
1361979778	1103	2727	2013-02-27T09Z	
1361981653	1104	2731	2013-02-27T10Z	
1361982325	1105	2733	2013-02-27T10Z	
1361982905	1106	2735	2013-02-27T10Z	
1361983334	1107	2737	2013-02-27T10Z	
1361983634	1108	2743	2013-02-27T10Z	
1361986180	1109	2747	2013-02-27T11Z	
1361992068	1110	2751	2013-02-27T13Z	
1361992972	1111	2752	2013-02-27T13Z	
1361994266	1112	2753	2013-02-27T13Z	
1361994667	1113	2754	2013-02-27T13Z	
1361994758	1114	2756	2013-02-27T13Z	
1361995206	1115	2760	2013-02-27T14Z	
1361995511	1116	2761	2013-02-27T14Z	
1361995812	1117	2762	2013-02-27T14Z	
1361995905	1118	2764	2013-02-27T14Z	
1362005765	1119	2768	2013-02-27T16Z	
1362005980	1120	2769	2013-02-27T16Z	
1362006171	1121	2770	2013-02-27T17Z	
1362006263	1122	2774	2013-02-27T17Z	
1362006453	1123	2775	2013-02-27T17Z	
1362006560	1124	2776	2013-02-27T17Z	
1362006675	1125	2779	2013-02-27T17Z	
1362065447	1126	2784	2013-02-28T09Z	
1362066500	1127	2785	2013-02-28T09Z	
1362067080	1128	2788	2013-02-28T09Z	
1362067586	1129	2790	2013-02-28T10Z	
1362068072	1130	2791	2013-02-28T10Z	
1362068446	1131	2797	2013-02-28T10Z	
1362069171	1132	2801	2013-02-28T10Z	
1362069497	1133	2811	2013-02-28T10Z	
1362086378	1134	2814	2013-02-28T15Z	
1362155121	1135	2816	2013-03-01T10Z	
1362158533	1136	2817	2013-03-01T11Z	
1362159011	1137	2818	2013-03-01T11Z	
1362159463	1138	2819	2013-03-01T11Z	
1362159723	1139	2820	2013-03-01T11Z	
1362159846	1140	2827	2013-03-01T11Z	
1362160640	1141	2828	2013-03-01T11Z	
1362161010	1142	2829	2013-03-01T12Z	
1362161164	1143	2833	2013-03-01T12Z	
1362161739	1144	2834	2013-03-01T12Z	
1362161776	1145	2835	2013-03-01T12Z	
1362162140	1146	2836	2013-03-01T12Z	
1362162680	1147	2837	2013-03-01T12Z	
1362162839	1148	2838	2013-03-01T12Z	
1362163409	1149	2840	2013-03-01T12Z	
1362164035	1150	2842	2013-03-01T12Z	
1362165965	1151	2843	2013-03-01T13Z	
1362167961	1152	2844	2013-03-01T13Z	
1362338222	1153	2845	2013-03-03T13Z	
1362338418	1154	2847	2013-03-03T13Z	
1362339374	1155	2848	2013-03-03T13Z	
1362339557	1156	2856	2013-03-03T13Z	
1362339728	1157	2860	2013-03-03T13Z	
1362339905	1158	2863	2013-03-03T13Z	
1362340138	1159	2864	2013-03-03T13Z	
1362340371	1160	2865	2013-03-03T13Z	
1362340635	1161	2866	2013-03-03T13Z	
1362340948	1162	2867	2013-03-03T14Z	
1362341112	1163	2868	2013-03-03T14Z	
1362341349	1164	2870	2013-03-03T14Z	
1362414655	1165	2871	2013-03-04T10Z	
1362414848	1166	2872	2013-03-04T10Z	
1362415149	1167	2875	2013-03-04T10Z	
1362415471	1168	2877	2013-03-04T10Z	
1362415589	1169	2878	2013-03-04T10Z	
1362416239	1170	2879	2013-03-04T10Z	
1362416737	1171	2880	2013-03-04T11Z	
1362417073	1172	2882	2013-03-04T11Z	
1362417506	1173	2883	2013-03-04T11Z	
1362417667	1174	2884	2013-03-04T11Z	
1362418374	1175	2885	2013-03-04T11Z	
1362418610	1176	2886	2013-03-04T11Z	
1362492090	1177	2887	2013-03-05T08Z	
1362492572	1178	2889	2013-03-05T08Z	
1362493232	1179	2890	2013-03-05T08Z	
1362493711	1180	2893	2013-03-05T08Z	
1362494119	1181	2901	2013-03-05T08Z	
1362494631	1182	2903	2013-03-05T08Z	
1362494882	1183	2909	2013-03-05T08Z	
1362504490	1184	2910	2013-03-05T11Z	
1362505167	1185	2912	2013-03-05T11Z	
1362506577	1186	2913	2013-03-05T12Z	
1362507472	1187	2914	2013-03-05T12Z	
1362508673	1188	2919	2013-03-05T12Z	
1362510228	1189	2920	2013-03-05T13Z	
1362511055	1190	2922	2013-03-05T13Z	
1362511461	1191	2924	2013-03-05T13Z	
1362511542	1192	2925	2013-03-05T13Z	
1362511780	1193	2926	2013-03-05T13Z	
1362512409	1194	2930	2013-03-05T13Z	
1362513803	1195	2933	2013-03-05T14Z	
1362514423	1196	2934	2013-03-05T14Z	
1362514775	1197	2935	2013-03-05T14Z	
1362515110	1198	2936	2013-03-05T14Z	
1362515431	1199	2938	2013-03-05T14Z	
1362516115	1200	2939	2013-03-05T14Z	
1362516624	1201	2940	2013-03-05T14Z	
1362516862	1202	2941	2013-03-05T14Z	
1362516923	1203	2942	2013-03-05T14Z	
1362518051	1204	2943	2013-03-05T15Z	
1362593640	1205	2945	2013-03-06T12Z	
1362593992	1206	2948	2013-03-06T12Z	
1362594626	1207	2949	2013-03-06T12Z	
1362595474	1208	2951	2013-03-06T12Z	
1362595804	1209	2952	2013-03-06T12Z	
1362596366	1210	2953	2013-03-06T12Z	
1362596734	1211	2955	2013-03-06T13Z	
1362597143	1212	2956	2013-03-06T13Z	
1362597403	1213	2957	2013-03-06T13Z	
1362597760	1214	2958	2013-03-06T13Z	
1362598037	1215	2959	2013-03-06T13Z	
1362598517	1216	2965	2013-03-06T13Z	
1362598994	1217	2966	2013-03-06T13Z	
1362599320	1218	2968	2013-03-06T13Z	
1362686567	1219	2969	2013-03-07T14Z	
1362688919	1220	2971	2013-03-07T14Z	
1362690264	1221	2973	2013-03-07T15Z	
1362751174	1222	2975	2013-03-08T07Z	
1362752434	1223	2976	2013-03-08T08Z	
1362754018	1224	2978	2013-03-08T08Z	
1362754756	1225	2980	2013-03-08T08Z	
1362756064	1226	2982	2013-03-08T09Z	
1362757247	1227	2983	2013-03-08T09Z	
1362766932	1228	2985	2013-03-08T12Z	
1363008019	1229	2986	2013-03-11T08Z	
1363008778	1230	2992	2013-03-11T08Z	
1363090919	1231	2994	2013-03-12T07Z	
1363110388	1232	2995	2013-03-12T12Z	
1363110652	1233	2998	2013-03-12T12Z	
1363110895	1234	2999	2013-03-12T12Z	
1363111152	1235	3000	2013-03-12T12Z	
1363111400	1236	3001	2013-03-12T13Z	
1363111533	1237	3002	2013-03-12T13Z	
1363112014	1238	3003	2013-03-12T13Z	
1363112386	1239	3004	2013-03-12T13Z	
1363113024	1240	3005	2013-03-12T13Z	
1363113262	1241	3017	2013-03-12T13Z	
1363114220	1242	3018	2013-03-12T13Z	
1363114752	1243	3019	2013-03-12T13Z	
1363114989	1244	3021	2013-03-12T14Z	
1363115214	1245	3022	2013-03-12T14Z	
1363115673	1246	3023	2013-03-12T14Z	
1363116055	1247	3024	2013-03-12T14Z	
1363116348	1248	3025	2013-03-12T14Z	
1363180128	1249	3026	2013-03-13T08Z	
1363180845	1250	3032	2013-03-13T08Z	
1363181525	1251	3037	2013-03-13T08Z	
1363182189	1252	3038	2013-03-13T08Z	
1363182590	1253	3040	2013-03-13T08Z	
1363183076	1254	3046	2013-03-13T08Z	
1363185143	1255	3047	2013-03-13T09Z	
1363185592	1256	3048	2013-03-13T09Z	
1363186068	1257	3051	2013-03-13T09Z	
1363186557	1258	3052	2013-03-13T09Z	
1363208822	1259	3054	2013-03-13T16Z	
1363224561	1260	3059	2013-03-13T20Z	
1363224885	1261	3064	2013-03-13T20Z	
1363225151	1262	3067	2013-03-13T20Z	
1363225577	1263	3069	2013-03-13T20Z	
1363225787	1264	3071	2013-03-13T20Z	
1363226037	1265	3072	2013-03-13T20Z	
1363226165	1266	3075	2013-03-13T20Z	
1363226278	1267	3078	2013-03-13T20Z	
1363226914	1268	3080	2013-03-13T21Z	
1363228128	1269	3098	2013-03-13T21Z	
1363228686	1270	3101	2013-03-13T21Z	
1363229056	1271	3102	2013-03-13T21Z	
1363229602	1272	3103	2013-03-13T21Z	
1363231557	1273	3108	2013-03-13T22Z	
1363235625	1274	3112	2013-03-13T23Z	
1363235827	1275	3114	2013-03-13T23Z	
1363236127	1276	3115	2013-03-13T23Z	
1363236678	1277	3116	2013-03-13T23Z	
1363237100	1278	3117	2013-03-13T23Z	
1363237865	1279	3118	2013-03-14T00Z	
1363238014	1280	3121	2013-03-14T00Z	
1363238150	1281	3122	2013-03-14T00Z	
1363238622	1282	3123	2013-03-14T00Z	
1363238771	1283	3124	2013-03-14T00Z	
1363238940	1284	3128	2013-03-14T00Z	
1363239291	1285	3131	2013-03-14T00Z	
1363239941	1286	3132	2013-03-14T00Z	
1363240049	1287	3133	2013-03-14T00Z	
1363240584	1288	3135	2013-03-14T00Z	
1363240736	1289	3137	2013-03-14T00Z	
1363241202	1290	3138	2013-03-14T01Z	
1363241350	1291	3141	2013-03-14T01Z	
1363241708	1292	3142	2013-03-14T01Z	
1363241831	1293	3147	2013-03-14T01Z	
1363275480	1294	3149	2013-03-14T10Z	
1363277210	1295	3152	2013-03-14T11Z	
1363277279	1296	3156	2013-03-14T11Z	
1363277418	1297	3158	2013-03-14T11Z	
1363277754	1298	3163	2013-03-14T11Z	
1363277960	1299	3166	2013-03-14T11Z	
1363278831	1300	3168	2013-03-14T11Z	
1363279918	1301	3169	2013-03-14T11Z	
1363280169	1302	3170	2013-03-14T11Z	
1363280264	1303	3196	2013-03-14T11Z	
1363281223	1304	3197	2013-03-14T12Z	
1363281312	1305	3202	2013-03-14T12Z	
1363281549	1306	3203	2013-03-14T12Z	
1363281653	1307	3205	2013-03-14T12Z	
1363282566	1308	3206	2013-03-14T12Z	
1363282952	1309	3208	2013-03-14T12Z	
1363283126	1310	3210	2013-03-14T12Z	
1363283418	1311	3211	2013-03-14T12Z	
1363283684	1312	3213	2013-03-14T12Z	
1363283899	1313	3215	2013-03-14T12Z	
1363284064	1314	3218	2013-03-14T13Z	
1363284108	1315	3219	2013-03-14T13Z	
1363284247	1316	3220	2013-03-14T13Z	
1363284392	1317	3235	2013-03-14T13Z	
1363284493	1318	3236	2013-03-14T13Z	
1363284825	1319	3238	2013-03-14T13Z	
1363284862	1320	3239	2013-03-14T13Z	
1363284968	1321	3240	2013-03-14T13Z	
1363285243	1322	3241	2013-03-14T13Z	
1363285354	1323	3242	2013-03-14T13Z	
1363285554	1324	3243	2013-03-14T13Z	
1363285687	1325	3244	2013-03-14T13Z	
1363285848	1326	3245	2013-03-14T13Z	
1363285988	1327	3246	2013-03-14T13Z	
1363287132	1328	3247	2013-03-14T13Z	
1363287284	1329	3248	2013-03-14T13Z	
1363287480	1330	3249	2013-03-14T13Z	
1363287686	1331	3251	2013-03-14T14Z	
1363287811	1332	3253	2013-03-14T14Z	
1363288665	1333	3256	2013-03-14T14Z	
1363288986	1334	3257	2013-03-14T14Z	
1363289175	1335	3258	2013-03-14T14Z	
1363289961	1336	3263	2013-03-14T14Z	
1363290572	1337	3265	2013-03-14T14Z	
1363291319	1338	3266	2013-03-14T15Z	
1363292039	1339	3276	2013-03-14T15Z	
1363292162	1340	3278	2013-03-14T15Z	
1363292332	1341	3280	2013-03-14T15Z	
1363292439	1342	3281	2013-03-14T15Z	
1363292977	1343	3283	2013-03-14T15Z	
1363293081	1344	3284	2013-03-14T15Z	
1363293203	1345	3288	2013-03-14T15Z	
1363293297	1346	3291	2013-03-14T15Z	
1363293799	1347	3294	2013-03-14T15Z	
1363294257	1348	3297	2013-03-14T15Z	
1363295272	1349	3300	2013-03-14T16Z	
1363295551	1350	3302	2013-03-14T16Z	
1363296879	1351	3304	2013-03-14T16Z	
1363297071	1352	3305	2013-03-14T16Z	
1363297538	1353	3306	2013-03-14T16Z	
1363299658	1354	3306	2013-03-14T17Z	
1363300470	1355	3309	2013-03-14T17Z	
1363300649	1356	3310	2013-03-14T17Z	
1363300938	1357	3312	2013-03-14T17Z	
1363301509	1358	3313	2013-03-14T17Z	
1363301620	1359	3314	2013-03-14T17Z	
1363301772	1360	3315	2013-03-14T17Z	
1363302023	1361	3317	2013-03-14T18Z	
1363302175	1362	3318	2013-03-14T18Z	
1363306103	1363	3322	2013-03-14T19Z	
1363307802	1364	3323	2013-03-14T19Z	
1363308039	1365	3324	2013-03-14T19Z	
1363308290	1366	3325	2013-03-14T19Z	
1363308465	1367	3329	2013-03-14T19Z	
1363308649	1368	3331	2013-03-14T19Z	
1363308816	1369	3343	2013-03-14T19Z	
1363309046	1370	3344	2013-03-14T19Z	
1363309130	1371	3349	2013-03-14T19Z	
1363309337	1372	3353	2013-03-14T20Z	
1363309586	1373	3355	2013-03-14T20Z	
1363309829	1374	3356	2013-03-14T20Z	
1363310047	1375	3358	2013-03-14T20Z	
1363310332	1376	3359	2013-03-14T20Z	
1363311072	1377	3360	2013-03-14T20Z	
1363311198	1378	3364	2013-03-14T20Z	
1363311382	1379	3367	2013-03-14T20Z	
1363311479	1380	3369	2013-03-14T20Z	
1363311992	1381	3370	2013-03-14T20Z	
1363312087	1382	3372	2013-03-14T20Z	
1363312390	1383	3375	2013-03-14T20Z	
1363312638	1384	3378	2013-03-14T20Z	
1363312751	1385	3382	2013-03-14T20Z	
1363312796	1386	3383	2013-03-14T20Z	
1363313363	1387	3385	2013-03-14T21Z	
1363313910	1388	3386	2013-03-14T21Z	
1363314371	1389	3387	2013-03-14T21Z	
1363314623	1390	3388	2013-03-14T21Z	
1363357916	1391	3389	2013-03-15T09Z	
1363359196	1392	3390	2013-03-15T09Z	
1363360638	1393	3396	2013-03-15T10Z	
1363367917	1394	3401	2013-03-15T12Z	
1363394370	1395	3402	2013-03-15T19Z	
1363395068	1396	3403	2013-03-15T19Z	
1363395385	1397	3404	2013-03-15T19Z	
1363396018	1398	3405	2013-03-15T20Z	
1363396157	1399	3408	2013-03-15T20Z	
1363396440	1400	3409	2013-03-15T20Z	
1363396515	1401	3411	2013-03-15T20Z	
1363397804	1402	3412	2013-03-15T20Z	
1363397835	1403	3413	2013-03-15T20Z	
1363397962	1404	3414	2013-03-15T20Z	
1363398097	1405	3432	2013-03-15T20Z	
1363398504	1406	3440	2013-03-15T20Z	
1363399331	1407	3446	2013-03-15T21Z	
1363399435	1408	3449	2013-03-15T21Z	
1363399486	1409	3454	2013-03-15T21Z	
1363399710	1410	3456	2013-03-15T21Z	
1363399856	1411	3460	2013-03-15T21Z	
1363400078	1412	3461	2013-03-15T21Z	
1363400201	1413	3464	2013-03-15T21Z	
1363626685	1414	3466	2013-03-18T12Z	
1363728460	1415	3467	2013-03-19T16Z	
1363892927	1416	3468	2013-03-21T14Z	
1363894331	1417	3469	2013-03-21T14Z	
1363894952	1418	3470	2013-03-21T14Z	
1363895159	1419	3471	2013-03-21T14Z	
1363899697	1420	3475	2013-03-21T16Z	
1363902473	1421	3480	2013-03-21T16Z	
1364329699	1422	3481	2013-03-26T15Z	
1364330856	1423	3482	2013-03-26T15Z	
1364407555	1424	3483	2013-03-27T13Z	
1364407736	1425	3486	2013-03-27T13Z	
1364408410	1426	3488	2013-03-27T13Z	
1364408627	1427	3491	2013-03-27T13Z	
1364409672	1428	3492	2013-03-27T13Z	
1364409836	1429	3494	2013-03-27T13Z	
1364410202	1430	3497	2013-03-27T13Z	
1364410967	1431	3499	2013-03-27T14Z	
1364411278	1432	3500	2013-03-27T14Z	
1364411502	1433	3501	2013-03-27T14Z	
1364411683	1434	3503	2013-03-27T14Z	
1364411919	1435	3504	2013-03-27T14Z	
1364412096	1436	3505	2013-03-27T14Z	
1364412115	1437	3508	2013-03-27T14Z	
1364412678	1438	3512	2013-03-27T14Z	
1364413096	1439	3515	2013-03-27T14Z	
1364420098	1440	3519	2013-03-27T16Z	
1364420494	1441	3523	2013-03-27T16Z	
1364420818	1442	3525	2013-03-27T16Z	
1364421368	1443	3526	2013-03-27T16Z	
1364421779	1444	3528	2013-03-27T17Z	
1364422061	1445	3533	2013-03-27T17Z	
1364422490	1446	3535	2013-03-27T17Z	
1364422896	1447	3537	2013-03-27T17Z	
1364423253	1448	3538	2013-03-27T17Z	
1364423974	1449	3539	2013-03-27T17Z	
1364424240	1450	3544	2013-03-27T17Z	
1364424650	1451	3548	2013-03-27T17Z	
1364426679	1452	3556	2013-03-27T18Z	
1364427418	1453	3557	2013-03-27T18Z	
1364427858	1454	3558	2013-03-27T18Z	
1364428133	1455	3563	2013-03-27T18Z	
1364428248	1456	3564	2013-03-27T18Z	
1364428923	1457	3566	2013-03-27T19Z	
1364429229	1458	3567	2013-03-27T19Z	
1364429399	1459	3571	2013-03-27T19Z	
1364477595	1460	3572	2013-03-28T08Z	
1364477882	1461	3573	2013-03-28T08Z	
1364478215	1462	3574	2013-03-28T08Z	
1364478522	1463	3578	2013-03-28T08Z	
1364479066	1464	3579	2013-03-28T08Z	
1364479852	1465	3581	2013-03-28T09Z	
1364480228	1466	3583	2013-03-28T09Z	
1364480435	1467	3584	2013-03-28T09Z	
1364480492	1468	3587	2013-03-28T09Z	
1364480751	1469	3588	2013-03-28T09Z	
1364480970	1470	3589	2013-03-28T09Z	
1364481172	1471	3591	2013-03-28T09Z	
1364481219	1472	3592	2013-03-28T09Z	
1364481403	1473	3593	2013-03-28T09Z	
1364481763	1474	3597	2013-03-28T09Z	
1364482123	1475	3598	2013-03-28T09Z	
1364484338	1476	3599	2013-03-28T10Z	
1364484710	1477	3600	2013-03-28T10Z	
1364485278	1478	3601	2013-03-28T10Z	
1364485672	1479	3604	2013-03-28T10Z	
1364485991	1480	3606	2013-03-28T10Z	
1364486352	1481	3608	2013-03-28T10Z	
1364486687	1482	3611	2013-03-28T11Z	
1364486992	1483	3613	2013-03-28T11Z	
1364487231	1484	3615	2013-03-28T11Z	
1364487621	1485	3617	2013-03-28T11Z	
1364487816	1486	3618	2013-03-28T11Z	
1364488138	1487	3624	2013-03-28T11Z	
1364488481	1488	3626	2013-03-28T11Z	
1364488668	1489	3627	2013-03-28T11Z	
1364488879	1490	3628	2013-03-28T11Z	
1364489124	1491	3631	2013-03-28T11Z	
1364489422	1492	3632	2013-03-28T11Z	
1364489612	1493	3634	2013-03-28T11Z	
1364492546	1494	3638	2013-03-28T12Z	
1364492810	1495	3640	2013-03-28T12Z	
1364493156	1496	3641	2013-03-28T12Z	
1364493449	1497	3646	2013-03-28T12Z	
1364493922	1498	3648	2013-03-28T13Z	
1364494277	1499	3649	2013-03-28T13Z	
1364494504	1500	3650	2013-03-28T13Z	
1364494676	1501	3651	2013-03-28T13Z	
1364495041	1502	3653	2013-03-28T13Z	
1364495303	1503	3655	2013-03-28T13Z	
1364495554	1504	3662	2013-03-28T13Z	
1364499565	1505	3662	2013-03-28T14Z	
1364499791	1506	3663	2013-03-28T14Z	
1364502551	1507	3666	2013-03-28T15Z	
1364506927	1508	3669	2013-03-28T16Z	
1364507532	1509	3671	2013-03-28T16Z	
1364507879	1510	3672	2013-03-28T16Z	
1364508136	1511	3674	2013-03-28T17Z	
1364508511	1512	3676	2013-03-28T17Z	
1364508987	1513	3678	2013-03-28T17Z	
1364509584	1514	3684	2013-03-28T17Z	
1364510111	1515	3686	2013-03-28T17Z	
1364510525	1516	3687	2013-03-28T17Z	
1364510791	1517	3693	2013-03-28T17Z	
1364511093	1518	3695	2013-03-28T17Z	
1364511333	1519	3696	2013-03-28T17Z	
1364511515	1520	3697	2013-03-28T17Z	
1364511722	1521	3699	2013-03-28T18Z	
1364511938	1522	3700	2013-03-28T18Z	
1364512626	1523	3702	2013-03-28T18Z	
1364512799	1524	3705	2013-03-28T18Z	
1364513061	1525	3707	2013-03-28T18Z	
1364513473	1526	3710	2013-03-28T18Z	
1364516185	1527	3713	2013-03-28T19Z	
1364516579	1528	3714	2013-03-28T19Z	
1364517064	1529	3715	2013-03-28T19Z	
1364517389	1530	3719	2013-03-28T19Z	
1364517655	1531	3720	2013-03-28T19Z	
1364518109	1532	3721	2013-03-28T19Z	
1364518380	1533	3722	2013-03-28T19Z	
1364518663	1534	3725	2013-03-28T19Z	
1364519006	1535	3726	2013-03-28T20Z	
1364519185	1536	3727	2013-03-28T20Z	
1364519453	1537	3730	2013-03-28T20Z	
1364519736	1538	3731	2013-03-28T20Z	
1364520151	1539	3734	2013-03-28T20Z	
1364520385	1540	3735	2013-03-28T20Z	
1364520875	1541	3738	2013-03-28T20Z	
1364521417	1542	3739	2013-03-28T20Z	
1364521657	1543	3740	2013-03-28T20Z	
1364522100	1544	3742	2013-03-28T20Z	
1364522347	1545	3743	2013-03-28T20Z	
1364566210	1546	3745	2013-03-29T09Z	
1364566489	1547	3748	2013-03-29T09Z	
1364566940	1548	3749	2013-03-29T09Z	
1364567213	1549	3751	2013-03-29T09Z	
1364567383	1550	3752	2013-03-29T09Z	
1364568973	1551	3753	2013-03-29T09Z	
1364569228	1552	3755	2013-03-29T10Z	
1364569545	1553	3759	2013-03-29T10Z	
1364569805	1554	3761	2013-03-29T10Z	
1364570038	1555	3762	2013-03-29T10Z	
1364570286	1556	3763	2013-03-29T10Z	
1364570604	1557	3768	2013-03-29T10Z	
1364570979	1558	3769	2013-03-29T10Z	
1364571280	1559	3773	2013-03-29T10Z	
1364571596	1560	3775	2013-03-29T10Z	
1364571802	1561	3778	2013-03-29T10Z	
1364572052	1562	3781	2013-03-29T10Z	
1364572407	1563	3782	2013-03-29T10Z	
1364572586	1564	3783	2013-03-29T10Z	
1364572774	1565	3786	2013-03-29T10Z	
1364573077	1566	3796	2013-03-29T11Z	
1364573146	1567	3796	2013-03-29T11Z	
1364573422	1568	3797	2013-03-29T11Z	
1364573694	1569	3799	2013-03-29T11Z	
1364573710	1570	3802	2013-03-29T11Z	
1364573959	1571	3804	2013-03-29T11Z	
1364574363	1572	3808	2013-03-29T11Z	
1364577401	1573	3810	2013-03-29T12Z	
1364577798	1574	3811	2013-03-29T12Z	
1364578119	1575	3813	2013-03-29T12Z	
1364578346	1576	3816	2013-03-29T12Z	
1364579980	1577	3820	2013-03-29T12Z	
1364580271	1578	3821	2013-03-29T13Z	
1364580551	1579	3822	2013-03-29T13Z	
1364588553	1580	3827	2013-03-29T15Z	
1364588865	1581	3830	2013-03-29T15Z	
1364589256	1582	3832	2013-03-29T15Z	
1364825140	1583	3833	2013-04-01T09Z	
1364842298	1584	3835	2013-04-01T13Z	
1364843585	1585	3839	2013-04-01T14Z	
1364844872	1586	3840	2013-04-01T14Z	
1364911085	1587	3844	2013-04-02T08Z	
1364913552	1588	3847	2013-04-02T09Z	
1364917023	1589	3849	2013-04-02T10Z	
1364917939	1590	3850	2013-04-02T10Z	
1364918801	1591	3853	2013-04-02T11Z	
1364921560	1592	3854	2013-04-02T11Z	
1364922074	1593	3859	2013-04-02T12Z	
1364924756	1594	3860	2013-04-02T12Z	
1364925337	1595	3861	2013-04-02T12Z	
1364926160	1596	3863	2013-04-02T13Z	
1364930213	1597	3864	2013-04-02T14Z	
1364931719	1598	3867	2013-04-02T14Z	
1365013240	1599	3868	2013-04-03T13Z	
1365017805	1600	3869	2013-04-03T14Z	
1365018026	1601	3871	2013-04-03T14Z	
1365088376	1602	3874	2013-04-04T10Z	
1365089669	1603	3877	2013-04-04T10Z	
1365090398	1604	3879	2013-04-04T10Z	
1365091026	1605	3882	2013-04-04T10Z	
1365091446	1606	3885	2013-04-04T11Z	
1365092243	1607	3887	2013-04-04T11Z	
1365092693	1608	3890	2013-04-04T11Z	
1365093351	1609	3897	2013-04-04T11Z	
1365094164	1610	3909	2013-04-04T11Z	
1365178353	1611	3911	2013-04-05T11Z	
1365178831	1612	3914	2013-04-05T11Z	
1365179629	1613	3915	2013-04-05T11Z	
1365179975	1614	3918	2013-04-05T11Z	
1365180465	1615	3919	2013-04-05T11Z	
1365181214	1616	3920	2013-04-05T12Z	
1365181572	1617	3922	2013-04-05T12Z	
1365182587	1618	3923	2013-04-05T12Z	
1365182977	1619	3924	2013-04-05T12Z	
1365183484	1620	3927	2013-04-05T12Z	
1365184698	1621	3928	2013-04-05T12Z	
1365185070	1622	3930	2013-04-05T13Z	
1365185717	1623	3936	2013-04-05T13Z	
1365189508	1624	3936	2013-04-05T14Z	
1365429165	1625	3941	2013-04-08T08Z	
1365430276	1626	3942	2013-04-08T09Z	
1365430895	1627	3944	2013-04-08T09Z	
1365431423	1628	3947	2013-04-08T09Z	
1365432095	1629	3950	2013-04-08T09Z	
1365432619	1630	3951	2013-04-08T09Z	
1365433410	1631	3953	2013-04-08T10Z	
1365434251	1632	3954	2013-04-08T10Z	
1365434830	1633	3955	2013-04-08T10Z	
1365435174	1634	3956	2013-04-08T10Z	
1365435552	1635	3957	2013-04-08T10Z	
1365436025	1636	3959	2013-04-08T10Z	
1365436118	1637	3960	2013-04-08T10Z	
1365436703	1638	3961	2013-04-08T10Z	
1365442323	1639	3963	2013-04-08T12Z	
1365442454	1640	3965	2013-04-08T12Z	
1365444531	1641	3966	2013-04-08T13Z	
1365446677	1642	3968	2013-04-08T13Z	
1365452591	1643	3969	2013-04-08T15Z	
1365453168	1644	3970	2013-04-08T15Z	
1365476280	1645	3971	2013-04-08T21Z	
1365515271	1646	3974	2013-04-09T08Z	
1365515776	1647	3976	2013-04-09T08Z	
1365516364	1648	3977	2013-04-09T09Z	
1365517250	1649	3983	2013-04-09T09Z	
1365517725	1650	3987	2013-04-09T09Z	
1365518226	1651	3990	2013-04-09T09Z	
1365518669	1652	3991	2013-04-09T09Z	
1365519026	1653	3995	2013-04-09T09Z	
1365519543	1654	3996	2013-04-09T09Z	
1365519934	1655	4005	2013-04-09T10Z	
1365520333	1656	4007	2013-04-09T10Z	
1365520563	1657	4010	2013-04-09T10Z	
1365531623	1658	4011	2013-04-09T13Z	
1365533858	1659	4012	2013-04-09T13Z	
1365535520	1660	4013	2013-04-09T14Z	
1365535875	1661	4014	2013-04-09T14Z	
1365536577	1662	4015	2013-04-09T14Z	
1365538312	1663	4018	2013-04-09T15Z	
1365601422	1664	4019	2013-04-10T08Z	
1365601904	1665	4020	2013-04-10T08Z	
1365602244	1666	4022	2013-04-10T08Z	
1365602743	1667	4023	2013-04-10T09Z	
1365603045	1668	4024	2013-04-10T09Z	
1365603756	1669	4028	2013-04-10T09Z	
1365604117	1670	4033	2013-04-10T09Z	
1365604685	1671	4034	2013-04-10T09Z	
1365604987	1672	4035	2013-04-10T09Z	
1365605347	1673	4036	2013-04-10T09Z	
1365608661	1674	4040	2013-04-10T10Z	
1365610223	1675	4041	2013-04-10T11Z	
1365612810	1676	4043	2013-04-10T11Z	
1365614779	1677	4044	2013-04-10T12Z	
1365615517	1678	4046	2013-04-10T12Z	
1365616482	1679	4047	2013-04-10T12Z	
1365618025	1680	4048	2013-04-10T13Z	
1365618566	1681	4049	2013-04-10T13Z	
1365619946	1682	4051	2013-04-10T13Z	
1365621495	1683	4052	2013-04-10T14Z	
1365622413	1684	4053	2013-04-10T14Z	
1365622813	1685	4054	2013-04-10T14Z	
1365638924	1686	4055	2013-04-10T19Z	
1365639922	1687	4056	2013-04-10T19Z	
1365640375	1688	4057	2013-04-10T19Z	
1365686630	1689	4058	2013-04-11T08Z	
1365687158	1690	4068	2013-04-11T08Z	
1365687660	1691	4070	2013-04-11T08Z	
1365688262	1692	4072	2013-04-11T08Z	
1365688870	1693	4076	2013-04-11T09Z	
1365689570	1694	4078	2013-04-11T09Z	
1365690010	1695	4079	2013-04-11T09Z	
1365690282	1696	4082	2013-04-11T09Z	
1365691116	1697	4084	2013-04-11T09Z	
1365691698	1698	4087	2013-04-11T09Z	
1365692097	1699	4093	2013-04-11T09Z	
1365692875	1700	4094	2013-04-11T10Z	
1365693208	1701	4107	2013-04-11T10Z	
1365693616	1702	4111	2013-04-11T10Z	
1365693948	1703	4112	2013-04-11T10Z	
1365694468	1704	4120	2013-04-11T10Z	
1365694839	1705	4121	2013-04-11T10Z	
1365695409	1706	4127	2013-04-11T10Z	
1365695934	1707	4130	2013-04-11T10Z	
1365696203	1708	4139	2013-04-11T11Z	
1365699124	1709	4140	2013-04-11T11Z	
1365699746	1710	4143	2013-04-11T12Z	
1365701377	1711	4145	2013-04-11T12Z	
1365702291	1712	4147	2013-04-11T12Z	
1365702805	1713	4148	2013-04-11T12Z	
1365702906	1714	4149	2013-04-11T12Z	
1365703116	1715	4152	2013-04-11T12Z	
1365706150	1716	4153	2013-04-11T13Z	
1365706334	1717	4154	2013-04-11T13Z	
1365706671	1718	4155	2013-04-11T13Z	
1365721900	1719	4156	2013-04-11T18Z	
1365723453	1720	4158	2013-04-11T18Z	
1365724487	1721	4159	2013-04-11T18Z	
1365725117	1722	4160	2013-04-11T19Z	
1365775157	1723	4162	2013-04-12T08Z	
1365775640	1724	4166	2013-04-12T09Z	
1365777860	1725	4167	2013-04-12T09Z	
1365779454	1726	4168	2013-04-12T10Z	
1365780161	1727	4169	2013-04-12T10Z	
1365792033	1728	4170	2013-04-12T13Z	
1365797562	1729	4171	2013-04-12T15Z	
1365797845	1730	4175	2013-04-12T15Z	
1365798874	1731	4176	2013-04-12T15Z	
1365799750	1732	4178	2013-04-12T15Z	
1365807443	1733	4180	2013-04-12T17Z	
1365807793	1734	4181	2013-04-12T18Z	
1365808358	1735	4182	2013-04-12T18Z	
1365809644	1736	4183	2013-04-12T18Z	
1365811864	1737	4184	2013-04-12T19Z	
1365812434	1738	4185	2013-04-12T19Z	
1365812894	1739	4186	2013-04-12T19Z	
1365813840	1740	4187	2013-04-12T19Z	
1365985861	1741	4188	2013-04-14T19Z	
1365986390	1742	4189	2013-04-14T19Z	
1365990978	1743	4190	2013-04-14T20Z	
1366031028	1744	4191	2013-04-15T08Z	
1366031464	1745	4193	2013-04-15T08Z	
1366032221	1746	4194	2013-04-15T08Z	
1366032488	1747	4200	2013-04-15T08Z	
1366032971	1748	4201	2013-04-15T08Z	
1366033376	1749	4204	2013-04-15T08Z	
1366033812	1750	4205	2013-04-15T08Z	
1366034255	1751	4207	2013-04-15T08Z	
1366034859	1752	4213	2013-04-15T09Z	
1366035555	1753	4214	2013-04-15T09Z	
1366035927	1754	4215	2013-04-15T09Z	
1366036140	1755	4219	2013-04-15T09Z	
1366036426	1756	4220	2013-04-15T09Z	
1366036672	1757	4223	2013-04-15T09Z	
1366037069	1758	4224	2013-04-15T09Z	
1366040259	1759	4229	2013-04-15T10Z	
1366055632	1760	4231	2013-04-15T14Z	
1366075121	1761	4232	2013-04-15T20Z	
1366118664	1762	4233	2013-04-16T08Z	
1366119254	1763	4236	2013-04-16T08Z	
1366119723	1764	4240	2013-04-16T08Z	
1366120119	1765	4242	2013-04-16T08Z	
1366121597	1766	4243	2013-04-16T09Z	
1366122057	1767	4244	2013-04-16T09Z	
1366122478	1768	4246	2013-04-16T09Z	
1366124021	1769	4247	2013-04-16T09Z	
1366124439	1770	4248	2013-04-16T10Z	
1366124962	1771	4259	2013-04-16T10Z	
1366125616	1772	4260	2013-04-16T10Z	
1366126060	1773	4268	2013-04-16T10Z	
1366126397	1774	4271	2013-04-16T10Z	
1366136956	1775	4272	2013-04-16T13Z	
1366139739	1776	4274	2013-04-16T14Z	
1366140800	1777	4276	2013-04-16T14Z	
1366140900	1778	4280	2013-04-16T14Z	
1366157427	1779	4281	2013-04-16T19Z	
1366205306	1780	4285	2013-04-17T08Z	
1366205960	1781	4287	2013-04-17T08Z	
1366206581	1782	4288	2013-04-17T08Z	
1366207152	1783	4289	2013-04-17T08Z	
1366207587	1784	4290	2013-04-17T09Z	
1366208013	1785	4291	2013-04-17T09Z	
1366208468	1786	4294	2013-04-17T09Z	
1366214666	1787	4297	2013-04-17T11Z	
1366223871	1788	4298	2013-04-17T13Z	
1366224626	1789	4299	2013-04-17T13Z	
1366225839	1790	4301	2013-04-17T14Z	
1366228195	1791	4303	2013-04-17T14Z	
1366293199	1792	4305	2013-04-18T08Z	
1366293951	1793	4306	2013-04-18T09Z	
1366294997	1794	4307	2013-04-18T09Z	
1366295700	1795	4310	2013-04-18T09Z	
1366296036	1796	4314	2013-04-18T09Z	
1366296345	1797	4315	2013-04-18T09Z	
1366296703	1798	4316	2013-04-18T09Z	
1366297033	1799	4321	2013-04-18T09Z	
1366297597	1800	4324	2013-04-18T10Z	
1366299098	1801	4332	2013-04-18T10Z	
1366299413	1802	4335	2013-04-18T10Z	
1366300239	1803	4336	2013-04-18T10Z	
1366301468	1804	4337	2013-04-18T11Z	
1366301769	1805	4338	2013-04-18T11Z	
1366302636	1806	4340	2013-04-18T11Z	
1366303452	1807	4343	2013-04-18T11Z	
1366303961	1808	4346	2013-04-18T11Z	
1366304278	1809	4347	2013-04-18T11Z	
1366304548	1810	4348	2013-04-18T12Z	
1366304641	1811	4350	2013-04-18T12Z	
1366305201	1812	4351	2013-04-18T12Z	
1366305307	1813	4353	2013-04-18T12Z	
1366306355	1814	4359	2013-04-18T12Z	
1366308849	1815	4361	2013-04-18T13Z	
1366314713	1816	4362	2013-04-18T14Z	
1366318750	1817	4363	2013-04-18T15Z	
1366319513	1818	4364	2013-04-18T16Z	
1366330806	1819	4366	2013-04-18T19Z	
1366331263	1820	4368	2013-04-18T19Z	
1366331391	1821	4370	2013-04-18T19Z	
1366331524	1822	4371	2013-04-18T19Z	
1366334350	1823	4374	2013-04-18T20Z	
1366334921	1824	4375	2013-04-18T20Z	
1366335065	1825	4377	2013-04-18T20Z	
1366335158	1826	4379	2013-04-18T20Z	
1366335434	1827	4381	2013-04-18T20Z	
1366336026	1828	4382	2013-04-18T20Z	
1366382645	1829	4385	2013-04-19T09Z	
1366383898	1830	4386	2013-04-19T10Z	
1366385247	1831	4389	2013-04-19T10Z	
1366386086	1832	4390	2013-04-19T10Z	
1366386682	1833	4391	2013-04-19T10Z	
1366387418	1834	4392	2013-04-19T11Z	
1366389486	1835	4393	2013-04-19T11Z	
1366389836	1836	4394	2013-04-19T11Z	
1366390158	1837	4397	2013-04-19T11Z	
1366391935	1838	4399	2013-04-19T12Z	
1366393684	1839	4400	2013-04-19T12Z	
1366395232	1840	4401	2013-04-19T13Z	
1366401547	1841	4406	2013-04-19T14Z	
1366403319	1842	4409	2013-04-19T15Z	
1366403468	1843	4411	2013-04-19T15Z	
1366403590	1844	4414	2013-04-19T15Z	
1366404019	1845	4419	2013-04-19T15Z	
1366404538	1846	4420	2013-04-19T15Z	
1366404643	1847	4422	2013-04-19T15Z	
1366404713	1848	4424	2013-04-19T15Z	
1366406046	1849	4426	2013-04-19T16Z	
1366406562	1850	4429	2013-04-19T16Z	
1366406820	1851	4430	2013-04-19T16Z	
1366406968	1852	4431	2013-04-19T16Z	
1366407045	1853	4432	2013-04-19T16Z	
1366407061	1854	4433	2013-04-19T16Z	
1366407154	1855	4435	2013-04-19T16Z	
1366407340	1856	4436	2013-04-19T16Z	
1366407507	1857	4437	2013-04-19T16Z	
1366407665	1858	4442	2013-04-19T16Z	
1366407973	1859	4447	2013-04-19T16Z	
1366500630	1860	4449	2013-04-20T18Z	
1366502116	1861	4453	2013-04-20T18Z	
1366502403	1862	4455	2013-04-20T19Z	
1366502529	1863	4457	2013-04-20T19Z	
1366502954	1864	4461	2013-04-20T19Z	
1366503154	1865	4462	2013-04-20T19Z	
1366503461	1866	4463	2013-04-20T19Z	
1366503621	1867	4465	2013-04-20T19Z	
1366503747	1868	4467	2013-04-20T19Z	
1366503870	1869	4470	2013-04-20T19Z	
1366504138	1870	4472	2013-04-20T19Z	
1366504379	1871	4474	2013-04-20T19Z	
1366504538	1872	4477	2013-04-20T19Z	
1366639281	1873	4478	2013-04-22T09Z	
1366639696	1874	4479	2013-04-22T09Z	
1366639996	1875	4480	2013-04-22T09Z	
1366640344	1876	4483	2013-04-22T09Z	
1366640806	1877	4487	2013-04-22T09Z	
1366641180	1878	4490	2013-04-22T09Z	
1366642254	1879	4491	2013-04-22T09Z	
1366643101	1880	4492	2013-04-22T10Z	
1366643600	1881	4493	2013-04-22T10Z	
1366644126	1882	4497	2013-04-22T10Z	
1366644591	1883	4498	2013-04-22T10Z	
1366645248	1884	4499	2013-04-22T10Z	
1366645807	1885	4500	2013-04-22T10Z	
1366645970	1886	4501	2013-04-22T10Z	
1366646432	1887	4510	2013-04-22T11Z	
1366646850	1888	4511	2013-04-22T11Z	
1366653521	1889	4515	2013-04-22T12Z	
1366654074	1890	4516	2013-04-22T13Z	
1366654157	1891	4519	2013-04-22T13Z	
1366656576	1892	4525	2013-04-22T13Z	
1366657907	1893	4526	2013-04-22T14Z	
1366658126	1894	4532	2013-04-22T14Z	
1366658292	1895	4535	2013-04-22T14Z	
1366662906	1896	4537	2013-04-22T15Z	
1366663960	1897	4539	2013-04-22T15Z	
1366679346	1898	4540	2013-04-22T20Z	
1366679876	1899	4541	2013-04-22T20Z	
1366680030	1900	4542	2013-04-22T20Z	
1366723176	1901	4543	2013-04-23T08Z	
1366723414	1902	4549	2013-04-23T08Z	
1366723800	1903	4550	2013-04-23T08Z	
1366724254	1904	4552	2013-04-23T08Z	
1366724964	1905	4557	2013-04-23T08Z	
1366725276	1906	4558	2013-04-23T08Z	
1366725615	1907	4561	2013-04-23T09Z	
1366725918	1908	4562	2013-04-23T09Z	
1366726238	1909	4564	2013-04-23T09Z	
1366726573	1910	4565	2013-04-23T09Z	
1366727024	1911	4566	2013-04-23T09Z	
1366727368	1912	4568	2013-04-23T09Z	
1366728212	1913	4571	2013-04-23T09Z	
1366730905	1914	4572	2013-04-23T10Z	
1366731284	1915	4573	2013-04-23T10Z	
1366731779	1916	4575	2013-04-23T10Z	
1366732224	1917	4576	2013-04-23T10Z	
1366899369	1918	4583	2013-04-25T09Z	
1366899664	1919	4584	2013-04-25T09Z	
1366900907	1920	4585	2013-04-25T09Z	
1366901249	1921	4586	2013-04-25T09Z	
1366901533	1922	4587	2013-04-25T09Z	
1366901834	1923	4589	2013-04-25T09Z	
1366902128	1924	4593	2013-04-25T10Z	
1366902687	1925	4595	2013-04-25T10Z	
1366903048	1926	4596	2013-04-25T10Z	
1366903290	1927	4598	2013-04-25T10Z	
1366903728	1928	4602	2013-04-25T10Z	
1366904036	1929	4605	2013-04-25T10Z	
1366904354	1930	4607	2013-04-25T10Z	
1366904709	1931	4611	2013-04-25T10Z	
1366904953	1932	4615	2013-04-25T10Z	
1366905184	1933	4616	2013-04-25T10Z	
1366923606	1934	4617	2013-04-25T16Z	
1366923730	1935	4621	2013-04-25T16Z	
1366924085	1936	4625	2013-04-25T16Z	
1366924236	1937	4632	2013-04-25T16Z	
1366925282	1938	4633	2013-04-25T16Z	
1366981344	1939	4634	2013-04-26T08Z	
1366981768	1940	4643	2013-04-26T08Z	
1367010217	1941	4644	2013-04-26T16Z	
1367010375	1942	4647	2013-04-26T16Z	
1367011164	1943	4648	2013-04-26T16Z	
1367330796	1944	4649	2013-04-30T09Z	
1367331366	1945	4650	2013-04-30T09Z	
1367331808	1946	4653	2013-04-30T09Z	
1367332213	1947	4659	2013-04-30T09Z	
1367332637	1948	4666	2013-04-30T09Z	
1367333435	1949	4668	2013-04-30T09Z	
1367334799	1950	4672	2013-04-30T10Z	
1367335433	1951	4682	2013-04-30T10Z	
1367336049	1952	4683	2013-04-30T10Z	
1367338614	1953	4685	2013-04-30T11Z	
1367343639	1954	4686	2013-04-30T12Z	
1367344026	1955	4687	2013-04-30T12Z	
1367415991	1956	4697	2013-05-01T08Z	
1367417402	1957	4707	2013-05-01T09Z	
1367417931	1958	4708	2013-05-01T09Z	
1367418742	1959	4709	2013-05-01T09Z	
1367419224	1960	4712	2013-05-01T09Z	
1367419503	1961	4732	2013-05-01T09Z	
1367420598	1962	4733	2013-05-01T10Z	
1367421067	1963	4736	2013-05-01T10Z	
1367421844	1964	4744	2013-05-01T10Z	
1367422338	1965	4747	2013-05-01T10Z	
1367422606	1966	4748	2013-05-01T10Z	
1367422937	1967	4749	2013-05-01T10Z	
1367423354	1968	4750	2013-05-01T10Z	
1367424104	1969	4751	2013-05-01T11Z	
1367424543	1970	4752	2013-05-01T11Z	
1367424826	1971	4753	2013-05-01T11Z	
1367425393	1972	4754	2013-05-01T11Z	
1367425936	1973	4757	2013-05-01T11Z	
1367426531	1974	4758	2013-05-01T11Z	
1367427199	1975	4759	2013-05-01T11Z	
1367607346	1976	4760	2013-05-03T13Z	
1367607523	1977	4763	2013-05-03T13Z	
1368046683	1978	4764	2013-05-08T15Z	
1368150259	1979	4765	2013-05-09T20Z	
1368190971	1980	4768	2013-05-10T08Z	
1368191371	1981	4772	2013-05-10T08Z	
1368193292	1982	4773	2013-05-10T08Z	
1368194114	1983	4774	2013-05-10T08Z	
1368194473	1984	4775	2013-05-10T09Z	
1368194997	1985	4783	2013-05-10T09Z	
1368200143	1986	4789	2013-05-10T10Z	
1368201462	1987	4791	2013-05-10T10Z	
1368202839	1988	4792	2013-05-10T11Z	
1368560111	1989	4800	2013-05-14T14Z	
1368560661	1990	4802	2013-05-14T14Z	
1368560903	1991	4804	2013-05-14T14Z	
1368561241	1992	4811	2013-05-14T14Z	
1368561616	1993	4812	2013-05-14T15Z	
1368562430	1994	4814	2013-05-14T15Z	
1368563054	1995	4815	2013-05-14T15Z	
1368563329	1996	4819	2013-05-14T15Z	
1368564079	1997	4821	2013-05-14T15Z	
1368566273	1998	4824	2013-05-14T16Z	
1368568076	1999	4826	2013-05-14T16Z	
1368568623	2000	4827	2013-05-14T16Z	
1368568877	2001	4829	2013-05-14T17Z	
1368569189	2002	4831	2013-05-14T17Z	
1368580846	2003	4832	2013-05-14T20Z	
1368581449	2004	4836	2013-05-14T20Z	
1368581956	2005	4838	2013-05-14T20Z	
1368582744	2006	4839	2013-05-14T20Z	
1368583022	2007	4840	2013-05-14T20Z	
1368583340	2008	4843	2013-05-14T21Z	
1368583757	2009	4844	2013-05-14T21Z	
1368584077	2010	4852	2013-05-14T21Z	
1368584634	2011	4855	2013-05-14T21Z	
1368585038	2012	4861	2013-05-14T21Z	
1368585425	2013	4864	2013-05-14T21Z	
1368586144	2014	4865	2013-05-14T21Z	
1368586499	2015	4867	2013-05-14T21Z	
1368586893	2016	4868	2013-05-14T22Z	
1368587963	2017	4869	2013-05-14T22Z	
1368588280	2018	4871	2013-05-14T22Z	
1368625224	2019	4872	2013-05-15T08Z	
1368625479	2020	4873	2013-05-15T08Z	
1368625758	2021	4874	2013-05-15T08Z	
1368626105	2022	4876	2013-05-15T08Z	
1368626513	2023	4882	2013-05-15T09Z	
1368626935	2024	4884	2013-05-15T09Z	
1368627230	2025	4885	2013-05-15T09Z	
1368627553	2026	4886	2013-05-15T09Z	
1368627907	2027	4888	2013-05-15T09Z	
1368628734	2028	4889	2013-05-15T09Z	
1368629291	2029	4890	2013-05-15T09Z	
1368633050	2030	4892	2013-05-15T10Z	
1368634470	2031	4895	2013-05-15T11Z	
1368635262	2032	4896	2013-05-15T11Z	
1368637346	2033	4898	2013-05-15T12Z	
1368638464	2034	4902	2013-05-15T12Z	
1368638789	2035	4903	2013-05-15T12Z	
1368639147	2036	4908	2013-05-15T12Z	
1368639516	2037	4909	2013-05-15T12Z	
1368639713	2038	4910	2013-05-15T12Z	
1368640205	2039	4912	2013-05-15T12Z	
1368640723	2040	4914	2013-05-15T12Z	
1368641022	2041	4916	2013-05-15T13Z	
1368641479	2042	4917	2013-05-15T13Z	
1368641776	2043	4918	2013-05-15T13Z	
1368642589	2044	4919	2013-05-15T13Z	
1368645374	2045	4924	2013-05-15T14Z	
1368647340	2046	4925	2013-05-15T14Z	
1368647706	2047	4926	2013-05-15T14Z	
1368648843	2048	4930	2013-05-15T15Z	
1368649402	2049	4934	2013-05-15T15Z	
1368651492	2050	4935	2013-05-15T15Z	
1368651933	2051	4940	2013-05-15T16Z	
1368652258	2052	4941	2013-05-15T16Z	
1368652632	2053	4942	2013-05-15T16Z	
1368653358	2054	4944	2013-05-15T16Z	
1368717485	2055	4958	2013-05-16T10Z	
1368719112	2056	4960	2013-05-16T10Z	
1368719547	2057	4967	2013-05-16T10Z	
1368722589	2058	4969	2013-05-16T11Z	
1368722949	2059	4970	2013-05-16T11Z	
1368723141	2060	4971	2013-05-16T11Z	
1368725551	2061	4972	2013-05-16T12Z	
1368727123	2062	4974	2013-05-16T12Z	
1368727233	2063	4975	2013-05-16T13Z	
1368727777	2064	4976	2013-05-16T13Z	
1368728449	2065	4977	2013-05-16T13Z	
1368728678	2066	4979	2013-05-16T13Z	
1368729014	2067	4987	2013-05-16T13Z	
1368729935	2068	4988	2013-05-16T13Z	
1368730638	2069	4989	2013-05-16T13Z	
1368731004	2070	4990	2013-05-16T14Z	
1368731335	2071	4991	2013-05-16T14Z	
1368731577	2072	4995	2013-05-16T14Z	
1368737914	2073	4996	2013-05-16T15Z	
1368738254	2074	4997	2013-05-16T16Z	
1368739162	2075	5004	2013-05-16T16Z	
1368739665	2076	5005	2013-05-16T16Z	
1368739915	2077	5007	2013-05-16T16Z	
1368742834	2078	5008	2013-05-16T17Z	
1368743450	2079	5009	2013-05-16T17Z	
1368743713	2080	5011	2013-05-16T17Z	
1368744209	2081	5013	2013-05-16T17Z	
1368748159	2082	5014	2013-05-16T18Z	
1368749034	2083	5017	2013-05-16T19Z	
1368749701	2084	5020	2013-05-16T19Z	
1368750297	2085	5027	2013-05-16T19Z	
1368750698	2086	5028	2013-05-16T19Z	
1368751237	2087	5030	2013-05-16T19Z	
1368751948	2088	5031	2013-05-16T19Z	
1368752333	2089	5032	2013-05-16T19Z	
1368753227	2090	5033	2013-05-16T20Z	
1368753531	2091	5035	2013-05-16T20Z	
1368753867	2092	5036	2013-05-16T20Z	
1368754218	2093	5037	2013-05-16T20Z	
1368754674	2094	5038	2013-05-16T20Z	
1368754997	2095	5039	2013-05-16T20Z	
1368755393	2096	5041	2013-05-16T20Z	
1368755957	2097	5044	2013-05-16T20Z	
1368756456	2098	5046	2013-05-16T21Z	
1368756866	2099	5048	2013-05-16T21Z	
1368757544	2100	5049	2013-05-16T21Z	
1368757833	2101	5051	2013-05-16T21Z	
1368758478	2102	5059	2013-05-16T21Z	
1368758931	2103	5060	2013-05-16T21Z	
1368759528	2104	5061	2013-05-16T21Z	
1368759777	2105	5062	2013-05-16T22Z	
1368760093	2106	5063	2013-05-16T22Z	
1368760605	2107	5064	2013-05-16T22Z	
1368798870	2108	5066	2013-05-17T08Z	
1368799596	2109	5068	2013-05-17T09Z	
1368800365	2110	5069	2013-05-17T09Z	
1368800723	2111	5070	2013-05-17T09Z	
1368802531	2112	5071	2013-05-17T09Z	
1368803027	2113	5072	2013-05-17T10Z	
1368803452	2114	5074	2013-05-17T10Z	
1368804057	2115	5075	2013-05-17T10Z	
1368804605	2116	5077	2013-05-17T10Z	
1368805122	2117	5078	2013-05-17T10Z	
1368806958	2118	5079	2013-05-17T11Z	
1368807493	2119	5080	2013-05-17T11Z	
1368808066	2120	5081	2013-05-17T11Z	
1368808897	2121	5085	2013-05-17T11Z	
1368809491	2122	5086	2013-05-17T11Z	
1368810225	2123	5087	2013-05-17T12Z	
1368810535	2124	5088	2013-05-17T12Z	
1368810973	2125	5089	2013-05-17T12Z	
1368811669	2126	5091	2013-05-17T12Z	
1368812307	2127	5092	2013-05-17T12Z	
1368813188	2128	5094	2013-05-17T12Z	
1368813910	2129	5095	2013-05-17T13Z	
1368815843	2130	5096	2013-05-17T13Z	
1368816861	2131	5098	2013-05-17T13Z	
1368817163	2132	5099	2013-05-17T13Z	
1368817604	2133	5100	2013-05-17T14Z	
1368818004	2134	5101	2013-05-17T14Z	
1368818255	2135	5102	2013-05-17T14Z	
1369237276	2136	5107	2013-05-22T10Z	
1369238328	2137	5110	2013-05-22T10Z	
1369242343	2138	5114	2013-05-22T12Z	
1369243381	2139	5115	2013-05-22T12Z	
1369245172	2140	5117	2013-05-22T12Z	
1369246592	2141	5118	2013-05-22T13Z	
1369249614	2142	5118	2013-05-22T14Z	
1369315906	2143	5120	2013-05-23T08Z	
1369316284	2144	5122	2013-05-23T08Z	
1369317170	2145	5123	2013-05-23T08Z	
1369322079	2146	5124	2013-05-23T10Z	
1369323178	2147	5132	2013-05-23T10Z	
1369324265	2148	5133	2013-05-23T10Z	
1369324795	2149	5136	2013-05-23T10Z	
1369326866	2150	5138	2013-05-23T11Z	
1369328104	2151	5139	2013-05-23T11Z	
1369328623	2152	5140	2013-05-23T12Z	
1369329218	2153	5142	2013-05-23T12Z	
1369330954	2154	5143	2013-05-23T12Z	
1369331473	2155	5149	2013-05-23T12Z	
1369333250	2156	5151	2013-05-23T13Z	
1369334207	2157	5152	2013-05-23T13Z	
1369334833	2158	5154	2013-05-23T13Z	
1369336051	2159	5155	2013-05-23T14Z	
1369337008	2160	5157	2013-05-23T14Z	
1369337608	2161	5158	2013-05-23T14Z	
1369409834	2162	5159	2013-05-24T10Z	
1369428761	2163	5160	2013-05-24T15Z	
1369744922	2164	5162	2013-05-28T07Z	
1369745570	2165	5163	2013-05-28T07Z	
1369746111	2166	5164	2013-05-28T08Z	
1369746824	2167	5166	2013-05-28T08Z	
1369747319	2168	5167	2013-05-28T08Z	
1369755170	2169	5168	2013-05-28T10Z	
1369757003	2170	5169	2013-05-28T11Z	
1369757627	2171	5170	2013-05-28T11Z	
1369758907	2172	5172	2013-05-28T11Z	
1369760092	2173	5173	2013-05-28T11Z	
1369760940	2174	5175	2013-05-28T12Z	
1369761586	2175	5176	2013-05-28T12Z	
1369764954	2176	5178	2013-05-28T13Z	
1369767058	2177	5184	2013-05-28T13Z	
1369768006	2178	5186	2013-05-28T14Z	
1369776679	2179	5190	2013-05-28T16Z	
1369778278	2180	5191	2013-05-28T16Z	
1369778903	2181	5192	2013-05-28T17Z	
1369779411	2182	5193	2013-05-28T17Z	
1369788581	2183	5196	2013-05-28T19Z	
1369789776	2184	5197	2013-05-28T20Z	
1369835014	2185	5198	2013-05-29T08Z	
1369836781	2186	5199	2013-05-29T09Z	
1369844397	2187	5201	2013-05-29T11Z	
1369846924	2188	5205	2013-05-29T12Z	
1369848197	2189	5207	2013-05-29T12Z	
1369849385	2190	5210	2013-05-29T12Z	
1369852688	2191	5212	2013-05-29T13Z	
1369853493	2192	5213	2013-05-29T13Z	
1369858736	2193	5215	2013-05-29T15Z	
1369859130	2194	5217	2013-05-29T15Z	
1369859659	2195	5217	2013-05-29T15Z	
1369859868	2196	5220	2013-05-29T15Z	
1369860622	2197	5223	2013-05-29T15Z	
1369861867	2198	5226	2013-05-29T16Z	
1369861880	2199	5230	2013-05-29T16Z	
1369862269	2200	5232	2013-05-29T16Z	
1369862940	2201	5234	2013-05-29T16Z	
1369863766	2202	5235	2013-05-29T16Z	
1369864716	2203	5238	2013-05-29T16Z	
1369865811	2204	5239	2013-05-29T17Z	
1369866377	2205	5240	2013-05-29T17Z	
1369886202	2206	5242	2013-05-29T22Z	
1369929781	2207	5242	2013-05-30T11Z	
1369937025	2208	5242	2013-05-30T13Z	
1369946615	2209	5244	2013-05-30T15Z	
1369968935	2210	5250	2013-05-30T21Z	
1369971322	2211	5251	2013-05-30T22Z	
1370006085	2212	5254	2013-05-31T08Z	
1370007174	2213	5255	2013-05-31T08Z	
1370007245	2214	5271	2013-05-31T08Z	
1370009314	2215	5272	2013-05-31T09Z	
1370010153	2216	5278	2013-05-31T09Z	
1370013101	2217	5280	2013-05-31T10Z	
1370013611	2218	5283	2013-05-31T10Z	
1370014306	2219	5286	2013-05-31T10Z	
1370015102	2220	5288	2013-05-31T10Z	
1370015957	2221	5292	2013-05-31T10Z	
1370016839	2222	5298	2013-05-31T11Z	
1370026068	2223	5298	2013-05-31T13Z	
1370029645	2224	5302	2013-05-31T14Z	
1370031573	2225	5306	2013-05-31T15Z	
1370192150	2226	5308	2013-06-02T11Z	
1370192437	2227	5309	2013-06-02T12Z	
1370265401	2228	5310	2013-06-03T08Z	
1370269127	2229	5310	2013-06-03T09Z	
1370269459	2230	5316	2013-06-03T09Z	
1370271317	2231	5319	2013-06-03T09Z	
1370273683	2232	5321	2013-06-03T10Z	
1370275416	2233	5322	2013-06-03T11Z	
1370285230	2234	5325	2013-06-03T13Z	
1370288032	2235	5330	2013-06-03T14Z	
1370289761	2236	5332	2013-06-03T15Z	
1370290354	2237	5332	2013-06-03T15Z	
1370345215	2238	5335	2013-06-04T06Z	
1370358611	2239	5339	2013-06-04T10Z	
1370368347	2240	5346	2013-06-04T12Z	
1370368931	2241	5352	2013-06-04T13Z	
1370369506	2242	5355	2013-06-04T13Z	
1370369839	2243	5356	2013-06-04T13Z	
1370370499	2244	5358	2013-06-04T13Z	
1370370788	2245	5359	2013-06-04T13Z	
1370371115	2246	5360	2013-06-04T13Z	
1370371345	2247	5361	2013-06-04T13Z	
1370371775	2248	5385	2013-06-04T13Z	
1370372726	2249	5387	2013-06-04T14Z	
1370373884	2250	5389	2013-06-04T14Z	
1370374652	2251	5391	2013-06-04T14Z	
1370375274	2252	5392	2013-06-04T14Z	
1370375701	2253	5393	2013-06-04T14Z	
1370376000	2254	5396	2013-06-04T15Z	
1370376506	2255	5401	2013-06-04T15Z	
1370437624	2256	5411	2013-06-05T08Z	
1370439309	2257	5418	2013-06-05T08Z	
1370442058	2258	5429	2013-06-05T09Z	
1370443253	2259	5434	2013-06-05T09Z	
1370445430	2260	5437	2013-06-05T10Z	
1370445768	2261	5438	2013-06-05T10Z	
1370456227	2262	5441	2013-06-05T13Z	
1370458226	2263	5442	2013-06-05T13Z	
1370463914	2264	5447	2013-06-05T15Z	
1370465409	2265	5447	2013-06-05T15Z	
1370524979	2266	5450	2013-06-06T08Z	
1370528337	2267	5456	2013-06-06T09Z	
1370529472	2268	5464	2013-06-06T09Z	
1370530972	2269	5478	2013-06-06T10Z	
1370533337	2270	5484	2013-06-06T10Z	
1370534708	2271	5489	2013-06-06T11Z	
1370539986	2272	5494	2013-06-06T12Z	
1370547089	2273	5495	2013-06-06T14Z	
1370549220	2274	5499	2013-06-06T15Z	
1370614798	2275	5502	2013-06-07T09Z	
1370615742	2276	5508	2013-06-07T09Z	
1370616379	2277	5510	2013-06-07T09Z	
1370616785	2278	5511	2013-06-07T09Z	
1370621032	2279	5512	2013-06-07T11Z	
1370624297	2280	5517	2013-06-07T11Z	
1370626137	2281	5520	2013-06-07T12Z	
1370626573	2282	5522	2013-06-07T12Z	
1370626903	2283	5526	2013-06-07T12Z	
1370627315	2284	5527	2013-06-07T12Z	
1370627682	2285	5528	2013-06-07T12Z	
1370628134	2286	5537	2013-06-07T13Z	
1370629016	2287	5538	2013-06-07T13Z	
1370629224	2288	5538	2013-06-07T13Z	
1370629711	2289	5541	2013-06-07T13Z	
1370630183	2290	5542	2013-06-07T13Z	
1370630478	2291	5544	2013-06-07T13Z	
1370630647	2292	5545	2013-06-07T13Z	
1370631141	2293	5546	2013-06-07T13Z	
1370631665	2294	5548	2013-06-07T14Z	
1370632560	2295	5549	2013-06-07T14Z	
1370633644	2296	5550	2013-06-07T14Z	
1370633941	2297	5552	2013-06-07T14Z	
1370634643	2298	5554	2013-06-07T14Z	
1370635324	2299	5555	2013-06-07T15Z	
1370636081	2300	5556	2013-06-07T15Z	
1370636348	2301	5557	2013-06-07T15Z	
1370636560	2302	5559	2013-06-07T15Z	
1370636987	2303	5561	2013-06-07T15Z	
1370637220	2304	5562	2013-06-07T15Z	
1370637545	2305	5566	2013-06-07T15Z	
1370638063	2306	5569	2013-06-07T15Z	
1370638658	2307	5576	2013-06-07T15Z	
1370639056	2308	5578	2013-06-07T16Z	
1370639340	2309	5580	2013-06-07T16Z	
1370640003	2310	5581	2013-06-07T16Z	
1370640134	2311	5584	2013-06-07T16Z	
1370641332	2312	5588	2013-06-07T16Z	
1370642547	2313	5589	2013-06-07T17Z	
1370642701	2314	5590	2013-06-07T17Z	
1370643058	2315	5591	2013-06-07T17Z	
1370643217	2316	5592	2013-06-07T17Z	
1370871514	2317	5603	2013-06-10T08Z	
1370872214	2318	5605	2013-06-10T08Z	
1370873060	2319	5608	2013-06-10T09Z	
1370873113	2320	5614	2013-06-10T09Z	
1370873971	2321	5615	2013-06-10T09Z	
1370874528	2322	5616	2013-06-10T09Z	
1370874777	2323	5617	2013-06-10T09Z	
1370875243	2324	5619	2013-06-10T09Z	
1370875795	2325	5623	2013-06-10T09Z	
1370876581	2326	5626	2013-06-10T10Z	
1370877813	2327	5632	2013-06-10T10Z	
1370879043	2328	5634	2013-06-10T10Z	
1370879368	2329	5639	2013-06-10T10Z	
1370880110	2330	5640	2013-06-10T11Z	
1370880331	2331	5642	2013-06-10T11Z	
1370880370	2332	5643	2013-06-10T11Z	
1370882309	2333	5644	2013-06-10T11Z	
1370882522	2334	5645	2013-06-10T11Z	
1370883160	2335	5646	2013-06-10T11Z	
1370883578	2336	5647	2013-06-10T11Z	
1370887255	2337	5655	2013-06-10T13Z	
1370887963	2338	5656	2013-06-10T13Z	
1370888121	2339	5659	2013-06-10T13Z	
1370890569	2340	5660	2013-06-10T13Z	
1370891501	2341	5662	2013-06-10T14Z	
1370891660	2342	5663	2013-06-10T14Z	
1370891869	2343	5664	2013-06-10T14Z	
1370893424	2344	5665	2013-06-10T14Z	
1370893827	2345	5666	2013-06-10T14Z	
1370894013	2346	5672	2013-06-10T14Z	
1370894098	2347	5674	2013-06-10T14Z	
1370894945	2348	5676	2013-06-10T15Z	
1370895198	2349	5677	2013-06-10T15Z	
1370896283	2350	5679	2013-06-10T15Z	
1370896984	2351	5680	2013-06-10T15Z	
1370897198	2352	5682	2013-06-10T15Z	
1370897864	2353	5684	2013-06-10T15Z	
1370955508	2354	5684	2013-06-11T07Z	
1370958840	2355	5689	2013-06-11T08Z	
1370961770	2356	5698	2013-06-11T09Z	
1370965567	2357	5701	2013-06-11T10Z	
1370971527	2358	5703	2013-06-11T12Z	
1370975591	2359	5709	2013-06-11T13Z	
1370977796	2360	5710	2013-06-11T14Z	
1370980732	2361	5711	2013-06-11T14Z	
1370981679	2362	5721	2013-06-11T15Z	
1371066976	2363	5723	2013-06-12T14Z	
1371154249	2364	5728	2013-06-13T15Z	
1371171349	2365	5729	2013-06-13T19Z	
1371178752	2366	5732	2013-06-13T21Z	
1371180331	2367	5734	2013-06-13T22Z	
1371181658	2368	5737	2013-06-13T22Z	
1371235852	2369	5749	2013-06-14T13Z	
1371476716	2370	5755	2013-06-17T08Z	
1371599314	2371	5759	2013-06-18T18Z	
1372006673	2372	5760	2013-06-23T11Z	
1372006757	2373	5764	2013-06-23T11Z	
1372006858	2374	5766	2013-06-23T12Z	
1372007024	2375	5771	2013-06-23T12Z	
1372100228	2376	5772	2013-06-24T13Z	
1372183605	2377	5773	2013-06-25T13Z	
1373408900	2378	5776	2013-07-09T17Z	
1373464136	2379	5780	2013-07-10T08Z	
1373464735	2380	5783	2013-07-10T08Z	
1373464961	2381	5784	2013-07-10T09Z	
1373465065	2382	5785	2013-07-10T09Z	
1373918179	2383	5786	2013-07-15T14Z	
1374683903	2384	5787	2013-07-24T11Z	
1374697322	2385	5788	2013-07-24T15Z	
1374868393	2386	5789	2013-07-26T14Z	
1374870991	2387	5790	2013-07-26T15Z	
1374873466	2388	5791	2013-07-26T16Z	
1375103057	2389	5793	2013-07-29T08Z	
1375104396	2390	5795	2013-07-29T08Z	
1375105854	2391	5797	2013-07-29T08Z	
1375107540	2392	5798	2013-07-29T09Z	
1375109570	2393	5799	2013-07-29T09Z	
1375110980	2394	5800	2013-07-29T10Z	
1375112173	2395	5801	2013-07-29T10Z	
1375209395	2396	5803	2013-07-30T13Z	
1375279281	2397	5805	2013-07-31T09Z	
1375280168	2398	5806	2013-07-31T09Z	
1375281998	2399	5809	2013-07-31T09Z	
1375365182	2400	5810	2013-08-01T08Z	
1375388863	2401	5812	2013-08-01T15Z	
1375403097	2402	5814	2013-08-01T19Z	
1375717827	2403	5815	2013-08-05T10Z	
1375793967	2404	5818	2013-08-06T07Z	
1375795109	2405	5819	2013-08-06T08Z	
1375797076	2406	5821	2013-08-06T08Z	
1375798889	2407	5822	2013-08-06T09Z	
1375829349	2408	5823	2013-08-06T17Z	
1376332484	2409	5824	2013-08-12T13Z	
1376336385	2410	5825	2013-08-12T14Z	
1376338512	2411	5826	2013-08-12T15Z	
1376852468	2412	5828	2013-08-18T14Z	
1376852597	2413	5831	2013-08-18T14Z	
1376852742	2414	5832	2013-08-18T14Z	
1376922731	2415	5834	2013-08-19T09Z	
1376947235	2416	5838	2013-08-19T16Z	
1376948170	2417	5843	2013-08-19T16Z	
1376948615	2418	5904	2013-08-19T16Z	
1377037329	2419	5907	2013-08-20T17Z	
1377105290	2420	5908	2013-08-21T12Z	
1377120277	2421	5909	2013-08-21T16Z	
1377270108	2422	5910	2013-08-23T10Z	
1377289856	2423	5911	2013-08-23T15Z	
1377696286	2424	5914	2013-08-28T08Z	
1377697779	2425	5915	2013-08-28T08Z	
1377699323	2426	5917	2013-08-28T09Z	
1377701733	2427	5918	2013-08-28T09Z	
1377791360	2428	5920	2013-08-29T10Z	
1378220425	2429	5922	2013-09-03T10Z	
1378339635	2430	5924	2013-09-04T19Z	
1378748212	2431	5926	2013-09-09T12Z	
1378748590	2432	5927	2013-09-09T12Z	
1378749875	2433	5928	2013-09-09T13Z	
1378754408	2434	5929	2013-09-09T14Z	
1378758045	2435	5930	2013-09-09T15Z	
1378758146	2436	5932	2013-09-09T15Z	
1378812094	2437	5932	2013-09-10T06Z	
1378819536	2438	5936	2013-09-10T08Z	
1378923272	2439	5937	2013-09-11T13Z	
1378947812	2440	5938	2013-09-11T20Z	
1378948807	2441	5939	2013-09-11T20Z	
1378993213	2442	5941	2013-09-12T08Z	
1379035429	2443	5942	2013-09-12T20Z	
1379035673	2444	5943	2013-09-12T20Z	
1379036138	2445	5944	2013-09-12T20Z	
1379096503	2446	5945	2013-09-13T13Z	
1379104357	2447	5946	2013-09-13T15Z	
1379104533	2448	5947	2013-09-13T15Z	
1379104941	2449	5948	2013-09-13T15Z	
1379125647	2450	5949	2013-09-13T21Z	
1379215255	2451	5950	2013-09-14T22Z	
1379359437	2452	5951	2013-09-16T14Z	
1379359598	2453	5952	2013-09-16T14Z	
1379360526	2454	5953	2013-09-16T14Z	
1379432221	2455	5954	2013-09-17T10Z	
1379446193	2456	5955	2013-09-17T14Z	
1379538416	2457	5956	2013-09-18T16Z	
1379619765	2458	5957	2013-09-19T14Z	
1379620483	2459	5959	2013-09-19T14Z	
1379950776	2460	5960	2013-09-23T10Z	
1379960417	2461	5961	2013-09-23T13Z	
1380030516	2462	5962	2013-09-24T08Z	
1380047365	2463	5964	2013-09-24T13Z	
1380135325	2464	5971	2013-09-25T13Z	
1380140230	2465	5972	2013-09-25T15Z	
1380143355	2466	5973	2013-09-25T16Z	
1380205400	2467	5976	2013-09-26T09Z	
1380224781	2468	5977	2013-09-26T14Z	
1380225952	2469	5978	2013-09-26T15Z	
1380228696	2470	5980	2013-09-26T15Z	
1380229426	2471	5981	2013-09-26T16Z	
1380315893	2472	5985	2013-09-27T16Z	
1380561466	2473	5986	2013-09-30T12Z	
1380567423	2474	5987	2013-09-30T13Z	
1380569991	2475	5988	2013-09-30T14Z	
1380649344	2476	5989	2013-10-01T12Z	
1380658346	2477	5991	2013-10-01T15Z	
1380896081	2478	5992	2013-10-04T09Z	
1380900210	2479	5993	2013-10-04T10Z	
1380913059	2480	5994	2013-10-04T13Z	
1381153004	2481	5995	2013-10-07T08Z	
1381171322	2482	5996	2013-10-07T13Z	
1381257576	2483	5997	2013-10-08T13Z	
1381428469	2484	5999	2013-10-10T13Z	
1381434734	2485	6000	2013-10-10T14Z	
1381435401	2486	6001	2013-10-10T15Z	
1381500821	2487	6002	2013-10-11T09Z	
1381503814	2488	6003	2013-10-11T10Z	
1381519200	2489	6004	2013-10-11T14Z	
1381772858	2490	6005	2013-10-14T12Z	
1381843008	2491	6006	2013-10-15T08Z	
1381864214	2492	6007	2013-10-15T14Z	
1381931155	2493	6008	2013-10-16T08Z	
1381934769	2494	6009	2013-10-16T09Z	
1382026192	2495	6010	2013-10-17T11Z	
1382100494	2496	6011	2013-10-18T07Z	
1382103932	2497	6012	2013-10-18T08Z	
1382109077	2498	6012	2013-10-18T10Z	
1382118672	2499	6013	2013-10-18T12Z	
1382446031	2500	6017	2013-10-22T07Z	
1382448428	2501	6018	2013-10-22T08Z	
1383249832	2502	6022	2013-10-31T15Z	
1383250535	2503	6024	2013-10-31T15Z	
1383252583	2504	6026	2013-10-31T15Z	
1383253714	2505	6027	2013-10-31T16Z	
1383937916	2506	6029	2013-11-08T13Z	
1386084750	2507	6032	2013-12-03T09Z	
1386105003	2508	6035	2013-12-03T15Z	
1386106476	2509	6036	2013-12-03T15Z	
1386107826	2510	6037	2013-12-03T15Z	
1386108628	2511	6038	2013-12-03T16Z	
1386346294	2512	6039	2013-12-06T10Z	
1386875606	2513	6040	2013-12-12T13Z	
1386884003	2514	6041	2013-12-12T15Z	
1386955904	2515	6042	2013-12-13T11Z	
1387297027	2516	6043	2013-12-17T10Z	
1387302656	2517	6044	2013-12-17T11Z	
1387474107	2518	6046	2013-12-19T11Z	
1389031066	2519	6047	2014-01-06T11Z	
1389105570	2520	6049	2014-01-07T08Z	
1389108731	2521	6051	2014-01-07T09Z	
1389109112	2522	6052	2014-01-07T09Z	
1389110662	2523	6053	2014-01-07T10Z	
1389111635	2524	6054	2014-01-07T10Z	
1389113031	2525	6055	2014-01-07T10Z	
1389113636	2526	6056	2014-01-07T10Z	
1389114162	2527	6060	2014-01-07T11Z	
1389114488	2528	6060	2014-01-07T11Z	
1389115335	2529	6063	2014-01-07T11Z	
1389207554	2530	6063	2014-01-08T12Z	
1389207798	2531	6063	2014-01-08T13Z	
1389208340	2532	6063	2014-01-08T13Z	
1389208888	2533	6063	2014-01-08T13Z	
1389210819	2534	6063	2014-01-08T13Z	
1389211163	2535	6063	2014-01-08T13Z	
1389211415	2536	6064	2014-01-08T14Z	
1389211794	2537	6064	2014-01-08T14Z	
1389635866	2538	6065	2014-01-13T11Z	
1389637567	2539	6067	2014-01-13T12Z	
1389803760	2540	6068	2014-01-15T10Z	
1389967540	2541	6068	2014-01-17T08Z	
1389983989	2542	6069	2014-01-17T12Z	
1389984895	2543	6071	2014-01-17T12Z	
1390418527	2544	6073	2014-01-22T13Z	
1390934146	2545	6074	2014-01-28T12Z	
1391009004	2546	6075	2014-01-29T09Z	
1391206653	2547	6077	2014-01-31T16Z	
1391206909	2548	6079	2014-01-31T16Z	
1391206972	2549	6080	2014-01-31T16Z	
1391207103	2550	6082	2014-01-31T16Z	
1391207251	2551	6083	2014-01-31T16Z	
1391207338	2552	6085	2014-01-31T16Z	
1391207440	2553	6086	2014-01-31T16Z	
1391224521	2554	6088	2014-01-31T21Z	
1391224776	2555	6090	2014-01-31T21Z	
1391225207	2556	6091	2014-01-31T21Z	
1391264014	2557	6091	2014-02-01T08Z	
1391264897	2558	6096	2014-02-01T08Z	
1391265161	2559	6099	2014-02-01T08Z	
1391265703	2560	6100	2014-02-01T08Z	
1391267944	2561	6103	2014-02-01T09Z	
1391268314	2562	6104	2014-02-01T09Z	
1391268449	2563	6105	2014-02-01T09Z	
1391270342	2564	6109	2014-02-01T09Z	
1391270522	2565	6110	2014-02-01T10Z	
1391485168	2566	6113	2014-02-03T21Z	
1391534426	2567	6117	2014-02-04T11Z	
1391535919	2568	6120	2014-02-04T11Z	
1391536185	2569	6121	2014-02-04T11Z	
1391536429	2570	6122	2014-02-04T11Z	
1391546424	2571	6123	2014-02-04T14Z	
1391549547	2572	6130	2014-02-04T15Z	
1391569175	2573	6131	2014-02-04T20Z	
1391569488	2574	6133	2014-02-04T21Z	
1391569666	2575	6141	2014-02-04T21Z	
1391570153	2576	6142	2014-02-04T21Z	
1391570701	2577	6142	2014-02-04T21Z	
1391570930	2578	6146	2014-02-04T21Z	
1391572642	2579	6147	2014-02-04T21Z	
1391572727	2580	6149	2014-02-04T21Z	
1391573750	2581	6150	2014-02-04T22Z	
1391614163	2582	6154	2014-02-05T09Z	
1391614307	2583	6155	2014-02-05T09Z	
1391614396	2584	6160	2014-02-05T09Z	
1391614508	2585	6161	2014-02-05T09Z	
1391614624	2586	6163	2014-02-05T09Z	
1391614684	2587	6164	2014-02-05T09Z	
1391614787	2588	6165	2014-02-05T09Z	
1391614826	2589	6177	2014-02-05T09Z	
1391615406	2590	6178	2014-02-05T09Z	
1391615516	2591	6181	2014-02-05T09Z	
1391616120	2592	6182	2014-02-05T10Z	
1391616171	2593	6185	2014-02-05T10Z	
1391616282	2594	6186	2014-02-05T10Z	
1391627263	2595	6187	2014-02-05T13Z	
1391627369	2596	6189	2014-02-05T13Z	
1391627445	2597	6190	2014-02-05T13Z	
1391627501	2598	6191	2014-02-05T13Z	
1391797547	2599	6192	2014-02-07T12Z	
1391806167	2600	6194	2014-02-07T14Z	
1391863068	2601	6196	2014-02-08T06Z	
1392149723	2602	6197	2014-02-11T14Z	
1392153752	2603	6199	2014-02-11T15Z	
1392233693	2604	6200	2014-02-12T13Z	
1392235730	2605	6201	2014-02-12T14Z	
1392238519	2606	6202	2014-02-12T14Z	
1392239784	2607	6204	2014-02-12T15Z	
1392309812	2608	6205	2014-02-13T10Z	
1392316858	2609	6207	2014-02-13T12Z	
1392319559	2610	6209	2014-02-13T13Z	
1392320747	2611	6210	2014-02-13T13Z	
1392321115	2612	6211	2014-02-13T13Z	
1392322860	2613	6213	2014-02-13T14Z	
1392750678	2614	6214	2014-02-18T13Z	
1393246133	2615	6216	2014-02-24T06Z	
1393439831	2616	6217	2014-02-26T12Z	
1393448265	2617	6218	2014-02-26T14Z	
1393950953	2618	6222	2014-03-04T10Z	
1394045882	2619	6224	2014-03-05T12Z	
1394107346	2620	6225	2014-03-06T06Z	
1394547898	2621	6227	2014-03-11T09Z	
1394557120	2622	6228	2014-03-11T11Z	
1394737527	2623	6230	2014-03-13T14Z	
1394815532	2624	6231	2014-03-14T11Z	
1395421485	2625	6232	2014-03-21T12Z	
1395685510	2626	6233	2014-03-24T13Z	
1395766571	2627	6234	2014-03-25T11Z	
1395769937	2628	6235	2014-03-25T12Z	
1396452406	2629	6238	2014-04-02T10Z	
1396470102	2630	6240	2014-04-02T15Z	
1396491691	2631	6241	2014-04-02T21Z	
1396492623	2632	6242	2014-04-02T21Z	
1396531874	2633	6245	2014-04-03T08Z	
1396532696	2634	6246	2014-04-03T08Z	
1396538611	2635	6248	2014-04-03T10Z	
1396538991	2636	6249	2014-04-03T10Z	
1396542145	2637	6250	2014-04-03T11Z	
1396544350	2638	6251	2014-04-03T11Z	
1396547728	2639	6252	2014-04-03T12Z	
1396548294	2640	6253	2014-04-03T13Z	
1396556024	2641	6254	2014-04-03T15Z	
1396557347	2642	6255	2014-04-03T15Z	
1396573661	2643	6256	2014-04-03T20Z	
1396626623	2644	6257	2014-04-04T10Z	
1396631099	2645	6258	2014-04-04T12Z	
1396634887	2646	6259	2014-04-04T13Z	
1396638529	2647	6260	2014-04-04T14Z	
1396726851	2648	6261	2014-04-05T14Z	
1396728439	2649	6264	2014-04-05T15Z	
1396728910	2650	6267	2014-04-05T15Z	
1396729441	2651	6269	2014-04-05T15Z	
1396879236	2652	6270	2014-04-07T09Z	
1396880907	2653	6271	2014-04-07T09Z	
1396888216	2654	6272	2014-04-07T11Z	
1396888429	2655	6273	2014-04-07T11Z	
1396888874	2656	6274	2014-04-07T11Z	
1396894593	2657	6275	2014-04-07T13Z	
1396895106	2658	6277	2014-04-07T13Z	
1396898489	2659	6278	2014-04-07T14Z	
1396901748	2660	6279	2014-04-07T15Z	
1396918398	2661	6280	2014-04-07T19Z	
1396959293	2662	6281	2014-04-08T07Z	
1396974526	2663	6282	2014-04-08T11Z	
1397004622	2664	6284	2014-04-08T19Z	
1397005039	2665	6286	2014-04-08T19Z	
1397008695	2666	6287	2014-04-08T20Z	
1397011026	2667	6288	2014-04-08T21Z	
1397057591	2668	6289	2014-04-09T10Z	
1397061573	2669	6291	2014-04-09T11Z	
1397065647	2670	6292	2014-04-09T12Z	
1397070623	2671	6293	2014-04-09T14Z	
1397072509	2672	6294	2014-04-09T14Z	
1397074300	2673	6295	2014-04-09T15Z	
1397100833	2674	6296	2014-04-09T22Z	
1397401927	2675	6297	2014-04-13T10Z	
1397419863	2676	6298	2014-04-13T15Z	
1397436323	2677	6299	2014-04-13T19Z	
1397447479	2678	6300	2014-04-13T22Z	
1397668773	2679	6301	2014-04-16T12Z	
1397676892	2680	6302	2014-04-16T14Z	
1397680433	2681	6303	2014-04-16T15Z	
1397682625	2682	6304	2014-04-16T16Z	
1397752253	2683	6305	2014-04-17T11Z	
1397834298	2684	6309	2014-04-18T10Z	
1397834728	2685	6311	2014-04-18T10Z	
1397834838	2686	6312	2014-04-18T10Z	
1397834918	2687	6316	2014-04-18T10Z	
1397835215	2688	6318	2014-04-18T10Z	
1397835588	2689	6320	2014-04-18T10Z	
1397835638	2690	6321	2014-04-18T10Z	
1397835749	2691	6322	2014-04-18T10Z	
1397845515	2692	6323	2014-04-18T13Z	
1398179488	2693	6324	2014-04-22T10Z	
1398190292	2694	6325	2014-04-22T13Z	
1398286968	2695	6326	2014-04-23T16Z	
1398307292	2696	6327	2014-04-23T21Z	
1398706115	2697	6329	2014-04-28T12Z	
1398799123	2698	6330	2014-04-29T14Z	
1398799486	2699	6331	2014-04-29T14Z	
1398800282	2700	6333	2014-04-29T14Z	
1398801412	2701	6336	2014-04-29T14Z	
1398803936	2702	6337	2014-04-29T15Z	
1398804309	2703	6340	2014-04-29T15Z	
1398804746	2704	6342	2014-04-29T15Z	
1398805027	2705	6343	2014-04-29T15Z	
1398805152	2706	6344	2014-04-29T15Z	
1398805845	2707	6348	2014-04-29T16Z	
1398807243	2708	6351	2014-04-29T16Z	
1398808014	2709	6352	2014-04-29T16Z	
1398808284	2710	6353	2014-04-29T16Z	
1398808529	2711	6354	2014-04-29T16Z	
1398809040	2712	6356	2014-04-29T17Z	
1398876127	2713	6357	2014-04-30T11Z	
1398876489	2714	6358	2014-04-30T11Z	
1398949844	2715	6360	2014-05-01T08Z	
1399310296	2716	6361	2014-05-05T12Z	
1399565051	2717	6362	2014-05-08T11Z	
1399565592	2718	6363	2014-05-08T11Z	
1399567610	2719	6365	2014-05-08T11Z	
1399568539	2720	6366	2014-05-08T12Z	
1399569471	2721	6367	2014-05-08T12Z	
1399570038	2722	6369	2014-05-08T12Z	
1399571613	2723	6370	2014-05-08T12Z	
1400095634	2724	6371	2014-05-14T14Z	
1400787677	2725	6372	2014-05-22T14Z	
1401288676	2726	6375	2014-05-28T09Z	
1401462198	2727	6376	2014-05-30T10Z	
1401738494	2728	6380	2014-06-02T14Z	
1401912748	2729	6381	2014-06-04T15Z	
1402068138	2730	6382	2014-06-06T10Z	
1402078346	2731	6383	2014-06-06T13Z	
1402680324	2732	6383	2014-06-13T12Z	
1402928349	2733	6384	2014-06-16T09Z	
1403192148	2734	6385	2014-06-19T10Z	
1403192748	2735	6386	2014-06-19T10Z	
1422021677	2736	6386	2015-01-23T08Z	
